M1,,,,M2,,,,m3,,,,m4,,,,m5,,,,m6,,,,m7,,,,m8,,,,m9,,,,m10,,,,m11,,,,m12,,,,m13,,
Filename,Width,Height,,Filename,Width,Height,,Filename,Width,Height,,Filename,Width,Height,,Filename,Width,Height,,Filename,Width,Height,,Filename,Width,Height,,Filename,Width,Height,,Filename,Width,Height,,Filename,Width,Height,,Filename,Width,Height,,Filename,Width,Height,,Filename,Width,Height
--------,-----,------,,--------,-----,------,,--------,-----,------,,--------,-----,------,,--------,-----,------,,--------,-----,------,,--------,-----,------,,--------,-----,------,,--------,-----,------,,--------,-----,------,,--------,-----,------,,--------,-----,------,,--------,-----,------
ammolock,32,16,,ammoarcgun,16,32,,ammoarcgun,16,32,,ammoarcgun,16,32,,ammoarcgun,16,32,,ammoarcgun,16,32,,ammoarcgun,32,64,,ammoarcgun,32,64,,ammoarcgun,32,64,,ammoarcgun,32,64,,ammoarcgun,32,64,,ammoarcgun,32,64,,ammoarcgun,32,64
arcgun01,16,32,,ammolasdes,16,32,,ammolasdes,16,32,,ammolasdes,16,32,,ammolasdes,16,32,,ammolasdes,16,32,,ammolasdes,32,64,,ammolasdes,32,64,,ammolasdes,32,64,,ammolasdes,32,64,,ammolasdes,32,64,,ammolasdes,32,64,,ammolasdes,32,64
arcgun02,16,32,,ammolaser,16,32,,ammolaser,16,32,,ammolaser,16,32,,ammolaser,16,32,,ammolaser,16,32,,ammolaser,32,64,,ammolaser,32,64,,ammolaser,32,64,,ammolaser,32,64,,ammolaser,32,64,,ammolaser,32,64,,ammolaser,32,64
aztec01,64,64,,ammolock,32,16,,ammolock,32,16,,ammolock,32,16,,ammolock,32,16,,ammolock,32,16,,ammolock,64,32,,ammolock,64,32,,ammolock,64,32,,ammolock,64,32,,ammolock,64,32,,ammolock,64,32,,ammolock,64,32
aztec03,32,32,,ammosonic,16,32,,ammosonic,16,32,,ammosonic,16,32,,ammosonic,16,32,,ammosonic,16,32,,ammosonic,32,64,,ammosonic,32,64,,ammosonic,32,64,,ammosonic,32,64,,ammosonic,32,64,,ammosonic,32,64,,ammosonic,32,64
aztec04,32,32,,amphchip,16,32,,arcgun01,16,32,,amphchip,16,32,,amphchip,16,32,,amphchip,16,32,,amphchip,32,64,,amphchip,32,64,,amphchip,32,64,,amphchip,32,64,,amphchip,32,64,,amphchip,32,64,,amphchip,32,64
aztec05,32,32,,amphib01,32,64,,arcgun02,16,32,,amphib01,32,64,,amphib01,32,64,,amphib01,32,64,,arcgun01,32,64,,arcgun01,32,64,,arcgun01,32,64,,arcgun01,32,64,,arcgun01,32,64,,arcgun01,32,64,,arcgun01,32,64
aztec06,32,32,,amphib02,16,32,,arcs01,64,64,,amphib02,16,32,,amphib02,16,32,,amphib02,16,32,,arcgun02,32,64,,arcgun02,32,64,,arcgun02,32,64,,arcgun02,32,64,,arcgun02,32,64,,arcgun02,32,64,,arcgun02,32,64
bardest,16,16,,amphib03,16,16,,arcs02,64,64,,amphib03,16,16,,amphib03,16,16,,amphib03,16,16,,bardest,16,16,,ash_dirt,32,32,,bardest,16,16,,bardest,16,16,,bardest,16,16,,ash_dirt,32,32,,ash_dirt,32,32
beamred,16,32,,amphib04,16,16,,arcs03,32,32,,amphib04,16,16,,amphib04,16,16,,amphib04,16,16,,beam01,32,128,,bardest,16,16,,beamred,32,64,,barrier,128,128,,beamred,32,64,,bardest,16,16,,bardest,16,16
beamyelo,16,32,,amphib05,32,16,,arcs04,32,32,,amphib05,32,16,,amphib05,32,16,,amphib05,32,16,,beam02,32,128,,beamred,32,64,,beamyelo,32,64,,beamred,32,64,,beamyelo,32,64,,beamred,32,64,,beamred,32,64
blst0001,16,32,,amphib06,32,32,,arcs05,64,16,,amphib06,32,32,,amphib06,32,32,,amphib06,32,32,,beam03,32,128,,beamyelo,32,64,,blst0001,16,32,,beamyelo,32,64,,blst0001,16,32,,beamyelo,32,64,,beamyelo,32,64
blst0003,16,32,,amphib07,32,32,,arcs06,32,16,,amphib07,32,32,,amphib07,32,32,,amphib07,32,32,,beam04,128,32,,blst0001,16,32,,blst0003,16,32,,bldg_a01,128,128,,blst0003,16,32,,blst0001,16,32,,blst0001,16,32
blst0005,16,32,,amphib09,16,16,,ash_dirt,32,32,,amphib09,16,16,,amphib09,16,16,,amphib09,16,16,,beam05,32,128,,blst0003,16,32,,blst0005,16,32,,bldg_b01,128,64,,blst0005,16,32,,blst0003,16,32,,blst0003,16,32
boxexp01,64,64,,arcgun01,16,32,,bardest,16,16,,arcgun01,16,32,,arcgun01,16,32,,arcgun01,16,32,,beam06,32,32,,blst0005,16,32,,boxexp01,64,64,,bldg_c02,128,64,,boxexp01,64,64,,blst0005,16,32,,blst0005,16,32
boxexp02,64,64,,arcgun02,16,32,,beamred,16,32,,arcgun02,16,32,,arcgun02,16,32,,arcgun02,16,32,,beamred,32,64,,boxexp01,64,64,,boxexp02,64,64,,bldg_g01,128,128,,boxexp02,64,64,,boxexp01,64,64,,boxexp01,64,64
boxexp03,64,64,,bardest,16,16,,beamyelo,16,32,,arcs01,64,64,,arcs01,64,64,,arcs01,64,64,,beamyelo,32,64,,boxexp02,64,64,,boxexp03,64,64,,bldg_h01,128,128,,boxexp03,64,64,,boxexp02,64,64,,boxexp02,64,64
boxexp04,64,64,,beam01,64,64,,blst0001,16,32,,arcs02,64,64,,arcs02,64,64,,arcs02,64,64,,block01,64,64,,boxexp03,64,64,,boxexp04,64,64,,bldg_h02,128,64,,boxexp04,64,64,,boxexp03,64,64,,boxexp03,64,64
boxexp05,64,64,,beam02,64,64,,blst0003,16,32,,arcs03,32,32,,arcs03,32,32,,arcs03,32,32,,blst0001,16,32,,boxexp04,64,64,,boxexp05,64,64,,bldg_top,128,128,,boxexp05,64,64,,boxexp04,64,64,,boxexp04,64,64
boxexp06,64,64,,beam03,64,64,,blst0005,16,32,,arcs04,32,32,,arcs04,32,32,,arcs04,32,32,,blst0003,16,32,,boxexp05,64,64,,boxexp06,64,64,,blst0001,16,32,,boxexp06,64,64,,boxexp05,64,64,,boxexp05,64,64
boxexp07,64,64,,beam04,64,64,,boil04,64,64,,arcs05,64,16,,arcs05,64,16,,arcs05,64,16,,blst0005,16,32,,boxexp06,64,64,,boxexp07,64,64,,blst0003,16,32,,boxexp07,64,64,,boxexp06,64,64,,boxexp06,64,64
boxexp08,64,64,,beam05,64,64,,boil06,64,64,,arcs06,32,16,,arcs06,32,16,,arcs06,32,16,,boxexp01,64,64,,boxexp07,64,64,,boxexp08,64,64,,blst0005,16,32,,boxexp08,64,64,,boxexp07,64,64,,boxexp07,64,64
boxexp09,64,64,,beam06,16,16,,boxexp01,64,64,,arctur01,32,32,,arctur01,32,32,,ash_dirt,16,16,,boxexp02,64,64,,boxexp08,64,64,,boxexp09,64,64,,boxexp01,64,64,,boxexp09,64,64,,boxexp08,64,64,,boxexp08,64,64
boxexp10,64,64,,beamred,16,32,,boxexp02,64,64,,arctur02,16,16,,arctur02,16,16,,aztec01,64,64,,boxexp03,64,64,,boxexp09,64,64,,boxexp10,64,64,,boxexp02,64,64,,boxexp10,64,64,,boxexp09,64,64,,boxexp09,64,64
bsmkring,64,64,,beamyelo,16,32,,boxexp03,64,64,,arctur03,16,64,,arctur03,16,64,,aztec03,32,32,,boxexp04,64,64,,boxexp10,64,64,,bsmkring,64,64,,boxexp03,64,64,,bsmkring,64,64,,boxexp10,64,64,,boxexp10,64,64
bsmok1,32,32,,block01,32,32,,boxexp04,64,64,,arctur04,16,8,,arctur04,16,8,,aztec04,32,32,,boxexp05,64,64,,bsmkring,64,64,,bsmok1,32,32,,boxexp04,64,64,,bsmok1,32,32,,brcktrim,64,64,,bsmkring,64,64
bsmok2,32,32,,blst0001,16,32,,boxexp05,64,64,,arctur05,16,32,,arctur05,16,32,,aztec05,32,32,,boxexp06,64,64,,bsmok1,32,32,,bsmok2,32,32,,boxexp05,64,64,,bsmok2,32,32,,brick02,64,64,,bsmok1,32,32
bsmok3,32,32,,blst0003,16,32,,boxexp06,64,64,,arctur06,16,32,,arctur06,16,32,,aztec06,32,32,,boxexp07,64,64,,bsmok2,32,32,,bsmok3,32,32,,boxexp06,64,64,,bsmok3,32,32,,brick05,64,64,,bsmok2,32,32
bsplsh02,16,32,,blst0005,16,32,,boxexp07,64,64,,ash_dirt,32,32,,bardest,16,16,,bardest,8,8,,boxexp08,64,64,,bsmok3,32,32,,bsplsh02,16,32,,boxexp07,64,64,,bsplsh02,16,32,,bsmkring,64,64,,bsmok3,32,32
bsplsh04,16,32,,boxexp01,64,64,,boxexp08,64,64,,bardest,16,16,,beamred,16,32,,barrier,64,64,,boxexp09,64,64,,bsplsh02,16,32,,bsplsh04,16,32,,boxexp08,64,64,,bsplsh04,16,32,,bsmok1,32,32,,bsplsh02,16,32
bsplsh06,16,32,,boxexp02,64,64,,boxexp09,64,64,,beamred,16,32,,beamyelo,16,32,,beamred,16,32,,boxexp10,64,64,,bsplsh04,16,32,,bsplsh06,16,32,,boxexp09,64,64,,bsplsh06,16,32,,bsmok2,32,32,,bsplsh04,16,32
bsplsh08,16,32,,boxexp03,64,64,,boxexp10,64,64,,beamyelo,16,32,,blst0001,16,32,,beamyelo,16,32,,brdgdck2,64,64,,bsplsh06,16,32,,bsplsh08,16,32,,boxexp10,64,64,,bsplsh08,16,32,,bsmok3,32,32,,bsplsh06,16,32
bsplsh10,16,32,,boxexp04,64,64,,bsmkring,64,64,,blst0001,16,32,,blst0003,16,32,,bldg_a01,64,64,,brdgdeck,64,64,,bsplsh08,16,32,,bsplsh10,16,32,,bsmkring,64,64,,bsplsh10,16,32,,bsplsh02,16,32,,bsplsh08,16,32
bsplsh12,16,32,,boxexp05,64,64,,bsmok1,32,32,,blst0003,16,32,,blst0005,16,32,,bldg_b01,64,64,,brdgrmp,64,128,,bsplsh10,16,32,,bsplsh12,16,32,,bsmok1,32,32,,bsplsh12,16,32,,bsplsh04,16,32,,bsplsh10,16,32
bsplsh14,16,32,,boxexp06,64,64,,bsmok2,32,32,,blst0005,16,32,,boxexp01,64,64,,bldg_c02,64,64,,brigsup1,32,128,,bsplsh12,16,32,,bsplsh14,16,32,,bsmok2,32,32,,bsplsh14,16,32,,bsplsh06,16,32,,bsplsh12,16,32
bsplsh16,16,32,,boxexp07,64,64,,bsmok3,32,32,,boxexp01,64,64,,boxexp02,64,64,,bldg_g01,64,64,,brigsup2,32,128,,bsplsh14,16,32,,bsplsh16,16,32,,bsmok3,32,32,,bsplsh16,16,32,,bsplsh08,16,32,,bsplsh14,16,32
bsplsh18,16,32,,boxexp08,64,64,,bunk01,64,64,,boxexp02,64,64,,boxexp03,64,64,,bldg_h01,64,64,,brigsup3,32,32,,bsplsh16,16,32,,bsplsh18,16,32,,bsplsh02,16,32,,bsplsh18,16,32,,bsplsh10,16,32,,bsplsh16,16,32
bsplsh20,16,32,,boxexp09,64,64,,bunk02,64,64,,boxexp03,64,64,,boxexp04,64,64,,bldg_h02,64,64,,brigsup4,32,32,,bsplsh18,16,32,,bsplsh20,16,32,,bsplsh04,16,32,,bsplsh20,16,32,,bsplsh12,16,32,,bsplsh18,16,32
bunk01,64,64,,boxexp10,64,64,,bunk03,64,64,,boxexp04,64,64,,boxexp05,64,64,,bldg_top,64,64,,brigsup5,32,128,,bsplsh20,16,32,,bunk01,64,64,,bsplsh06,16,32,,bubble,16,16,,bsplsh14,16,32,,bsplsh20,16,32
bunk02,64,64,,brdgdck2,32,32,,bunk04,64,64,,boxexp05,64,64,,boxexp06,64,64,,blst0001,16,32,,brigsup6,128,32,,bunk01,64,64,,bunk02,64,64,,bsplsh08,16,32,,bunk01,64,64,,bsplsh16,16,32,,bubble,16,16
bunk03,64,64,,brdgdeck,32,32,,bunk05,64,64,,boxexp06,64,64,,boxexp07,64,64,,blst0003,16,32,,brigsup7,32,32,,bunk02,64,64,,bunk03,64,64,,bsplsh10,16,32,,bunk02,64,64,,bsplsh18,16,32,,bunk01,64,64
bunk04,64,64,,brdgrmp,64,64,,bunk06,64,64,,boxexp07,64,64,,boxexp08,64,64,,blst0005,16,32,,brigsup8,16,16,,bunk03,64,64,,bunk04,64,64,,bsplsh12,16,32,,bunk03,64,64,,bsplsh20,16,32,,bunk02,64,64
bunk05,64,64,,brigsup1,64,64,,bunk07,64,64,,boxexp08,64,64,,boxexp09,64,64,,boil04,64,64,,brigsup9,64,32,,bunk04,64,64,,bunk05,64,64,,bsplsh14,16,32,,bunk04,64,64,,bunk01,64,64,,bunk03,64,64
bunk06,64,64,,brigsup2,64,64,,bunk08,64,64,,boxexp09,64,64,,boxexp10,64,64,,boil06,64,64,,brkndeck,64,64,,bunk05,64,64,,bunk06,64,64,,bsplsh16,16,32,,bunk05,64,64,,bunk02,64,64,,bunk04,64,64
bunk07,64,64,,brigsup3,16,16,,bunk09,64,64,,boxexp10,64,64,,bsmkring,64,64,,boxexp01,32,32,,bsmkring,64,64,,bunk06,64,64,,bunk07,64,64,,bsplsh18,16,32,,bunk06,64,64,,bunk03,64,64,,bunk05,64,64
bunk08,64,64,,brigsup4,16,16,,bunk10,64,64,,brcktrim,32,32,,bsmok1,32,32,,boxexp02,32,32,,bsmok1,32,32,,bunk07,64,64,,bunk08,64,64,,bsplsh20,16,32,,bunk07,64,64,,bunk04,64,64,,bunk06,64,64
bunk09,64,64,,brigsup5,64,64,,bunk11,64,64,,brick02,32,32,,bsmok2,32,32,,boxexp03,32,32,,bsmok2,32,32,,bunk08,64,64,,bunk09,64,64,,bunk01,64,64,,bunk08,64,64,,bunk05,64,64,,bunk07,64,64
bunk10,64,64,,brigsup6,64,64,,bxxpld,16,16,,brick05,32,32,,bsmok3,32,32,,boxexp04,32,32,,bsmok3,32,32,,bunk09,64,64,,bunk10,64,64,,bunk02,64,64,,bunk09,64,64,,bunk06,64,64,,bunk08,64,64
bunk11,64,64,,brigsup7,16,16,,com01,128,32,,bsmkring,64,64,,bsplsh02,16,32,,boxexp05,32,32,,bsplsh02,16,32,,bunk10,64,64,,bunk11,64,64,,bunk03,64,64,,bunk10,64,64,,bunk07,64,64,,bunk09,64,64
bwall01,64,64,,brigsup8,8,8,,com02,32,32,,bsmok1,32,32,,bsplsh04,16,32,,boxexp06,32,32,,bsplsh04,16,32,,bunk11,64,64,,bwall01,64,128,,bunk04,64,64,,bunk11,64,64,,bunk08,64,64,,bunk10,64,64
bwall04,32,32,,brigsup9,32,32,,com03,32,32,,bsmok2,32,32,,bsplsh06,16,32,,boxexp07,32,32,,bsplsh06,16,32,,bxxpld,16,16,,bwall04,64,64,,bunk05,64,64,,bxxpld,16,16,,bunk09,64,64,,bunk11,64,64
bwallbad,32,32,,brkndeck,32,32,,com04,32,32,,bsmok3,32,32,,bsplsh08,16,32,,boxexp08,32,32,,bsplsh08,16,32,,cone12,128,256,,bxxpld,16,16,,bunk06,64,64,,caust01,128,256,,bunk10,64,64,,bwall01,64,128
bxxpld,16,16,,bsmkring,64,64,,com05,32,32,,bsplsh02,16,32,,bsplsh10,16,32,,boxexp09,32,32,,bsplsh10,16,32,,cone8,128,64,,cavern1,128,128,,bunk07,64,64,,caust02,128,256,,bunk11,64,64,,bwall04,64,64
cemwall6,32,32,,bsmok1,32,32,,com06,64,16,,bsplsh04,16,32,,bsplsh12,16,32,,boxexp10,32,32,,bsplsh12,16,32,,crate01,64,64,,cavern2,128,64,,bunk08,64,64,,caust03,128,256,,bxxpld,16,16,,bwallbad,64,64
cemwall9,64,64,,bsmok2,32,32,,com07,16,16,,bsplsh06,16,32,,bsplsh14,16,32,,bsmkring,64,64,,bsplsh14,16,32,,crate02,64,64,,cemwall6,64,64,,bunk09,64,64,,caust04,128,256,,chem15,64,64,,bxxpld,16,16
com01,128,32,,bsmok3,32,32,,com08,32,32,,bsplsh08,16,32,,bsplsh16,16,32,,bsmok1,32,32,,bsplsh16,16,32,,crate03,64,64,,crate01,64,64,,bunk10,64,64,,caust05,128,256,,chem19,64,64,,caust01,128,128
com02,32,32,,bsplsh02,16,32,,comstat16,128,128,,bsplsh10,16,32,,bsplsh18,16,32,,bsmok2,32,32,,bsplsh18,16,32,,crate04,64,64,,crate02,64,64,,bunk11,64,64,,crate01,64,64,,crate01,64,64,,caust02,128,128
com03,32,32,,bsplsh04,16,32,,comstat20,128,128,,bsplsh12,16,32,,bsplsh20,16,32,,bsmok3,32,32,,bsplsh20,16,32,,crate05,64,64,,crate03,64,64,,bxxpld,16,16,,crate02,64,64,,crate02,64,64,,caust03,128,128
com04,32,32,,bsplsh06,16,32,,cone12,128,128,,bsplsh14,16,32,,bubble,16,16,,bsplsh02,16,32,,bunk01,64,64,,crate06,64,64,,crate04,64,64,,citybrl,32,64,,crate03,64,64,,crate03,64,64,,caust04,128,128
com05,32,32,,bsplsh08,16,32,,cone8,64,64,,bsplsh16,16,32,,bunk01,64,64,,bsplsh04,16,32,,bunk02,64,64,,crate07,64,64,,crate05,64,64,,crate01,64,64,,crate04,64,64,,crate04,64,64,,caust05,128,128
com06,64,16,,bsplsh10,16,32,,crate01,64,64,,bsplsh18,16,32,,bunk02,64,64,,bsplsh06,16,32,,bunk03,64,64,,crate08,64,64,,crate06,64,64,,crate02,64,64,,crate05,64,64,,crate05,64,64,,cave01,256,128
com07,16,16,,bsplsh12,16,32,,crate02,64,64,,bsplsh20,16,32,,bunk03,64,64,,bsplsh08,16,32,,bunk04,64,64,,crate09,64,64,,crate07,64,64,,crate03,64,64,,crate06,64,64,,crate06,64,64,,cave02,256,64
com08,32,32,,bsplsh14,16,32,,crate03,64,64,,bubble,16,16,,bunk04,64,64,,bsplsh10,16,32,,bunk05,64,64,,crate10,64,64,,crate08,64,64,,crate04,64,64,,crate07,64,64,,crate07,64,64,,cave03,128,32
comstat4,32,32,,bsplsh16,16,32,,crate04,64,64,,build02,64,64,,bunk05,64,64,,bsplsh12,16,32,,bunk06,64,64,,crate11,64,64,,crate09,64,64,,crate05,64,64,,crate08,64,64,,crate08,64,64,,cave04,128,32
crate01,64,64,,bsplsh18,16,32,,crate05,64,64,,build03,64,64,,bunk06,64,64,,bsplsh14,16,32,,bunk07,64,64,,crate12,64,64,,crate10,64,64,,crate06,64,64,,crate09,64,64,,crate09,64,64,,cave05,128,128
crate02,64,64,,bsplsh20,16,32,,crate06,64,64,,bunk01,64,64,,bunk07,64,64,,bsplsh16,16,32,,bunk08,64,64,,crate13,64,64,,crate11,64,64,,crate07,64,64,,crate10,64,64,,crate10,64,64,,cavebh1,128,64
crate03,64,64,,bubble,16,16,,crate07,64,64,,bunk02,64,64,,bunk08,64,64,,bsplsh18,16,32,,bunk09,64,64,,crate14,64,64,,crate12,64,64,,crate08,64,64,,crate11,64,64,,crate11,64,64,,caveceil,64,64
crate04,64,64,,bunk01,64,64,,crate08,64,64,,bunk03,64,64,,bunk09,64,64,,bsplsh20,16,32,,bunk10,64,64,,craterash,64,64,,crate13,64,64,,crate09,64,64,,crate12,64,64,,crate12,64,64,,cavefl1,128,128
crate05,64,64,,bunk02,64,64,,crate09,64,64,,bunk04,64,64,,bunk10,64,64,,bubble,16,16,,bunk11,64,64,,cratrim1,128,128,,crate14,64,64,,crate10,64,64,,crate13,64,64,,crate13,64,64,,cemcol3,64,256
crate06,64,64,,bunk03,64,64,,crate10,64,64,,bunk05,64,64,,bunk11,64,64,,build02,64,64,,bunker1,64,128,,cratrim2,128,128,,craterroad,64,64,,crate11,64,64,,crate14,64,64,,crate14,64,64,,cemcol4,64,64
crate07,64,64,,bunk04,64,64,,crate11,64,64,,bunk06,64,64,,bxxpld,16,16,,build03,64,64,,bxxpld,16,16,,dsquish1,64,64,,cratersand,64,64,,crate12,64,64,,cratersnow,64,64,,damflow,64,128,,cemcol5,32,128
crate08,64,64,,bunk05,64,64,,crate12,64,64,,bunk07,64,64,,caust01,64,128,,bunk01,64,64,,canrock1,256,128,,erfpgscl,32,64,,erfpgscl,32,64,,crate13,64,64,,dsquish1,64,64,,dsquish1,64,64,,cemcol6,32,128
crate09,64,64,,bunk06,64,64,,crate13,64,64,,bunk08,64,64,,caust02,64,128,,bunk02,64,64,,cement02,128,32,,exb01,64,64,,exb01,64,64,,crate14,64,64,,erfpgscl,32,64,,erfpgscl,32,64,,cemwall6,64,64
crate10,64,64,,bunk07,64,64,,crate14,64,64,,bunk09,64,64,,caust03,64,128,,bunk03,64,64,,cement03,128,128,,exg01,64,64,,exg01,64,64,,cratrcrd,64,64,,exb01,64,64,,exb01,64,64,,cemwall9,128,64
crate11,64,64,,bunk08,64,64,,craterash,32,32,,bunk10,64,64,,caust04,64,128,,bunk04,64,64,,cement05,64,64,,exhaust,32,32,,exhaust,32,32,,croad01,256,128,,exg01,64,64,,exg01,64,64,,clondest,16,128
crate12,64,64,,bunk09,64,64,,cratrim1,64,64,,bunk11,64,64,,caust05,64,128,,bunk05,64,64,,crate01,64,64,,expf01,64,64,,expf01,64,64,,croad02,256,256,,exhaust,32,32,,exhaust,32,32,,clontrbs,64,64
crate13,64,64,,bunk10,64,64,,cratrim2,64,64,,bwallbad,32,32,,com01,128,32,,bunk06,64,64,,crate02,64,64,,expf02,64,64,,expf02,64,64,,dsquish1,64,64,,expf01,64,64,,expf01,64,64,,clontree,128,128
crate14,64,64,,bunk11,64,64,,drone01,16,32,,bxxpld,16,16,,com02,32,32,,bunk07,64,64,,crate03,64,64,,expf03,64,64,,expf03,64,64,,elev04,128,64,,expf02,64,64,,expf02,64,64,,clontrnk,16,128
craterroad,32,32,,bunker1,64,64,,drone02,16,32,,chem15,64,64,,com03,32,32,,bunk08,64,64,,crate04,64,64,,expf04,64,64,,expf04,64,64,,elev05,128,64,,expf03,64,64,,expf03,64,64,,clwatr01,64,64
cratersand,32,32,,bxxpld,16,16,,drone03,8,32,,chem19,64,64,,com04,32,32,,bunk09,64,64,,crate05,64,64,,expf05,64,64,,expf05,64,64,,elev06,128,64,,expf04,64,64,,expf04,64,64,,clwatr02,64,64
drone01,16,32,,canrock1,128,128,,drone04,16,32,,com01,128,32,,com05,32,32,,bunk10,64,64,,crate06,64,64,,expf06,64,64,,expf06,64,64,,elev08,64,64,,expf05,64,64,,expf05,64,64,,clwatr03,64,64
drone02,16,32,,cavern1,64,64,,drone05,32,32,,com02,32,32,,com06,64,16,,bunk11,64,64,,crate07,64,64,,expf07,64,64,,expf07,64,64,,elev09,64,64,,expf06,64,64,,expf06,64,64,,clwatr04,64,64
drone03,8,32,,cavern2,32,32,,drone06,32,32,,com03,32,32,,com07,16,16,,bxxpld,16,16,,crate08,64,64,,expf08,64,64,,expf08,64,64,,elev10,32,32,,expf07,64,64,,expf07,64,64,,clwatr05,64,64
drone04,16,32,,cement02,64,64,,drone07,32,32,,com04,32,32,,com08,32,32,,caust01,64,128,,crate09,64,64,,expf09,64,64,,expf09,64,64,,elev11,16,128,,expf08,64,64,,expf08,64,64,,clwatr06,64,64
drone05,32,32,,cement03,64,64,,drone08,64,64,,com05,32,32,,crate01,64,64,,caust02,64,128,,crate10,64,64,,expf10,64,64,,expf10,64,64,,elev12,64,32,,expf09,64,64,,expf09,64,64,,clwatr07,64,64
drone06,32,32,,cement05,32,32,,drone09,16,16,,com06,64,16,,crate02,64,64,,caust03,64,128,,crate11,64,64,,expf11,64,64,,expf11,64,64,,elev14,64,64,,expf10,64,64,,expf10,64,64,,clwatr08,64,64
drone07,32,32,,com01,128,32,,drone10,8,32,,com07,16,16,,crate03,64,64,,caust04,64,128,,crate12,64,64,,expflash,64,64,,expflash,64,64,,erfpgscl,32,64,,expf11,64,64,,expf11,64,64,,clwatr09,64,64
drone08,64,64,,com02,32,32,,dsquish1,64,64,,com08,32,32,,crate04,64,64,,caust05,64,128,,crate13,64,64,,exp_med01,16,16,,exp_med01,16,16,,exb01,64,64,,expflash,64,64,,expflash,64,64,,clwatr10,64,64
drone09,16,16,,com03,32,32,,erfpgscl,16,32,,crate01,64,64,,crate05,64,64,,cave01,128,128,,crate14,64,64,,exp_med02,16,16,,exp_med02,16,16,,exg01,64,64,,exp_med01,16,16,,exp_med01,16,16,,crate01,64,64
drone10,8,32,,com04,32,32,,exb01,64,64,,crate02,64,64,,crate06,64,64,,cave02,128,128,,craterdirt,64,64,,exp_med03,32,32,,exp_med03,32,32,,exhaust,32,32,,exp_med02,16,16,,exp_med02,16,16,,crate02,64,64
dsquish1,64,64,,com05,32,32,,exg01,64,64,,crate03,64,64,,crate07,64,64,,cave03,64,64,,droad1,64,128,,exp_med04,32,32,,exp_med04,32,32,,expf01,64,64,,exp_med03,32,32,,exp_med03,32,32,,crate03,64,64
erfpgscl,16,32,,com06,64,16,,exhaust,32,32,,crate04,64,64,,crate08,64,64,,cave04,64,64,,erfpgscl,32,64,,exp_med05,32,32,,exp_med05,32,32,,expf02,64,64,,exp_med04,32,32,,exp_med04,32,32,,crate04,64,64
exb01,64,64,,com07,16,16,,expf01,64,64,,crate05,64,64,,crate09,64,64,,cave05,64,64,,exb01,64,64,,exp_med06,32,32,,exp_med06,32,32,,expf03,64,64,,exp_med05,32,32,,exp_med05,32,32,,crate05,64,64
exg01,64,64,,com08,32,32,,expf02,64,64,,crate06,64,64,,crate10,64,64,,cavebh1,64,64,,exg01,64,64,,exp_med07,32,32,,exp_med07,32,32,,expf04,64,64,,exp_med06,32,32,,exp_med06,32,32,,crate06,64,64
exhaust,32,32,,comstat16,128,128,,expf03,64,64,,crate07,64,64,,crate11,64,64,,caveceil,32,32,,exhaust,32,32,,exr01,64,64,,exr01,64,64,,expf05,64,64,,exp_med07,32,32,,exp_med07,32,32,,crate07,64,64
expf01,64,64,,comstat20,128,128,,expf04,64,64,,crate08,64,64,,crate12,64,64,,cavefl1,64,64,,expf01,64,64,,exy01,64,64,,exy01,64,64,,expf06,64,64,,exr01,64,64,,exr01,64,64,,crate08,64,64
expf02,64,64,,comstat4,32,32,,expf05,64,64,,crate09,64,64,,crate13,64,64,,cemcol3,128,128,,expf02,64,64,,fire101,64,64,,fire101,64,64,,expf07,64,64,,exy01,64,64,,exy01,64,64,,crate09,64,64
expf03,64,64,,crate01,64,64,,expf06,64,64,,crate10,64,64,,crate14,64,64,,cemcol4,32,32,,expf03,64,64,,fire102,64,64,,fire102,64,64,,expf08,64,64,,fire101,64,64,,fire101,64,64,,crate10,64,64
expf04,64,64,,crate02,64,64,,expf07,64,64,,crate11,64,64,,cratersnow,64,64,,cemcol5,64,64,,expf04,64,64,,fire103,64,64,,fire103,64,64,,expf09,64,64,,fire102,64,64,,fire102,64,64,,crate11,64,64
expf05,64,64,,crate03,64,64,,expf08,64,64,,crate12,64,64,,drone01,16,32,,cemcol6,64,64,,expf05,64,64,,fire104,64,64,,fire104,64,64,,expf10,64,64,,fire103,64,64,,fire103,64,64,,crate12,64,64
expf06,64,64,,crate04,64,64,,expf09,64,64,,crate13,64,64,,drone02,16,32,,citybrl,32,32,,expf06,64,64,,fire105,64,64,,fire105,64,64,,expf11,64,64,,fire104,64,64,,fire104,64,64,,crate13,64,64
expf07,64,64,,crate05,64,64,,expf10,64,64,,crate14,64,64,,drone03,8,32,,clondest,64,64,,expf07,64,64,,fire106,64,64,,fire106,64,64,,expflash,64,64,,fire105,64,64,,fire105,64,64,,crate14,64,64
expf08,64,64,,crate06,64,64,,expf11,64,64,,cratergrass,64,64,,drone04,16,32,,clontrbs,32,32,,expf08,64,64,,fire107,64,64,,fire107,64,64,,exp_med01,16,16,,fire106,64,64,,fire106,64,64,,cratersand,64,64
expf09,64,64,,crate07,64,64,,expflash,64,64,,craterroad,64,64,,drone05,32,32,,clontree,64,64,,expf09,64,64,,fire108,64,64,,fire108,64,64,,exp_med02,16,16,,fire107,64,64,,fire107,64,64,,erfpgscl,32,64
expf10,64,64,,crate08,64,64,,exp_med01,16,16,,craterston,64,64,,drone06,32,32,,clontrnk,64,64,,expf10,64,64,,fire109,64,64,,fire109,64,64,,exp_med03,32,32,,fire108,64,64,,fire108,64,64,,exb01,64,64
expf11,64,64,,crate09,64,64,,exp_med02,16,16,,damflow,64,128,,drone07,32,32,,clwatr01,32,32,,expf11,64,64,,fire110,64,64,,fire110,64,64,,exp_med04,32,32,,fire109,64,64,,fire109,64,64,,exg01,64,64
expflash,64,64,,crate10,64,64,,exp_med03,32,32,,drone01,16,32,,drone08,64,64,,clwatr02,32,32,,expflash,64,64,,fire111,128,128,,fire111,64,64,,exp_med05,32,32,,fire110,64,64,,fire110,64,64,,exhaust,32,32
exp_med01,16,16,,crate11,64,64,,exp_med04,32,32,,drone02,16,32,,drone09,16,16,,clwatr03,32,32,,exp_med01,16,16,,fire112,128,128,,fire112,64,64,,exp_med06,32,32,,fire111,64,64,,fire111,64,64,,expf01,64,64
exp_med02,16,16,,crate12,64,64,,exp_med05,32,32,,drone03,8,32,,drone10,8,32,,clwatr04,32,32,,exp_med02,16,16,,firing01,64,64,,firing01,32,32,,exp_med07,32,32,,fire112,64,64,,fire112,64,64,,expf02,64,64
exp_med03,32,32,,crate13,64,64,,exp_med06,32,32,,drone04,16,32,,dsquish1,64,64,,clwatr05,32,32,,exp_med03,32,32,,firing03,64,64,,firing03,32,32,,exr01,64,64,,firing01,32,32,,firing01,32,32,,expf03,64,64
exp_med04,32,32,,crate14,64,64,,exp_med07,32,32,,drone05,32,32,,erfpgscl,16,32,,clwatr06,32,32,,exp_med04,32,32,,firing05,64,64,,firing05,32,32,,exy01,64,64,,firing03,32,32,,firing03,32,32,,expf04,64,64
exp_med05,32,32,,craterdirt,32,32,,exr01,64,64,,drone06,32,32,,esub01,32,32,,clwatr07,32,32,,exp_med05,32,32,,flareblue,128,128,,flareblue,64,64,,fire101,64,64,,firing05,32,32,,firing05,32,32,,expf05,64,64
exp_med06,32,32,,cratergrass,32,32,,exy01,64,64,,drone07,32,32,,esub02,64,32,,clwatr08,32,32,,exp_med06,32,32,,flarefirey,128,128,,flarefirey,128,128,,fire102,64,64,,flareblue,64,64,,flareblue,64,64,,expf06,64,64
exp_med07,32,32,,craterroad,32,32,,fire101,64,64,,drone08,64,64,,esub03,32,64,,clwatr09,32,32,,exp_med07,32,32,,freonammo,32,64,,freonammo,32,64,,fire103,64,64,,flarefirey,64,64,,flarefirey,64,64,,expf07,64,64
exr01,64,64,,droad1,64,64,,fire102,64,64,,drone09,16,16,,esub04,32,32,,clwatr10,32,32,,exr01,64,64,,freon_fo,64,64,,freon_fo,64,64,,fire104,64,64,,freonammo,32,64,,freonammo,32,64,,expf08,64,64
exy01,64,64,,drone01,16,32,,fire103,64,64,,drone10,8,32,,esub05,32,16,,com01,128,32,,exy01,64,64,,grey,16,16,,grey,16,16,,fire105,64,64,,freon_fo,32,32,,freon_fo,64,64,,expf09,64,64
fire101,64,64,,drone02,16,32,,fire104,64,64,,dsquish1,64,64,,esub06,32,32,,com02,32,32,,fire101,64,64,,gun_fre1,64,128,,gun_fre1,64,128,,fire106,64,64,,grey,16,16,,grass1,128,128,,expf10,64,64
fire102,64,64,,drone03,8,32,,fire105,64,64,,d_wtur01,16,16,,esub07,32,64,,com03,32,32,,fire102,64,64,,gun_nap1,64,128,,gun_nap1,64,128,,fire107,64,64,,gun_fre1,64,128,,grey,16,16,,expf11,64,64
fire103,64,64,,drone04,16,32,,fire106,64,64,,erfpgscl,16,32,,esub08,64,16,,com04,32,32,,fire103,64,64,,gun_nap4,32,64,,gun_nap4,32,64,,fire108,64,64,,gun_nap1,64,128,,gun_fre1,64,128,,expflash,64,64
fire104,64,64,,drone05,32,32,,fire107,64,64,,exb01,64,64,,esub09,64,16,,com05,32,32,,fire104,64,64,,gun_nap5,32,16,,gun_nap5,32,16,,fire109,64,64,,gun_nap4,32,64,,gun_nap1,64,128,,exp_med01,16,16
fire105,64,64,,drone06,32,32,,fire108,64,64,,exg01,64,64,,exb01,64,64,,com06,64,16,,fire105,64,64,,gun_son1,64,128,,gun_son1,64,128,,fire110,64,64,,gun_nap5,32,16,,gun_nap4,32,64,,exp_med02,16,16
fire106,64,64,,drone07,32,32,,fire109,64,64,,exhaust,32,32,,exg01,64,64,,com07,16,16,,fire106,64,64,,gun_son2,64,64,,gun_son2,64,64,,fire111,64,64,,gun_son1,64,128,,gun_nap5,32,16,,exp_med03,32,32
fire107,64,64,,drone08,64,64,,fire110,64,64,,expf01,64,64,,exhaust,32,32,,com08,32,32,,fire107,64,64,,gun_son3,64,64,,gun_son3,64,64,,fire112,64,64,,gun_son2,64,64,,gun_son1,64,128,,exp_med04,32,32
fire108,64,64,,drone09,16,16,,fire111,64,64,,expf02,64,64,,expf01,64,64,,crate01,64,64,,fire108,64,64,,heatshm1,64,128,,hand1,16,32,,firing01,32,32,,gun_son3,64,64,,gun_son2,64,64,,exp_med05,32,32
fire109,64,64,,drone10,8,32,,fire112,64,64,,expf03,64,64,,expf02,64,64,,crate02,64,64,,fire109,64,64,,heatshm2,64,128,,hand2,16,16,,firing03,32,32,,hand1,16,32,,gun_son3,64,64,,exp_med06,32,32
fire110,64,64,,dsquish1,64,64,,firing01,32,32,,expf04,64,64,,expf03,64,64,,crate03,64,64,,fire110,64,64,,heatshm3,64,128,,heatshm1,64,128,,firing05,32,32,,hand2,16,16,,hand1,16,32,,exp_med07,32,32
fire111,64,64,,d_wtur01,16,16,,firing03,32,32,,expf05,64,64,,expf04,64,64,,crate04,64,64,,fire111,64,64,,hovchp01,32,64,,heatshm2,64,128,,flareblue,64,64,,heatshm1,64,128,,hand2,16,16,,exr01,64,64
fire112,64,64,,erfpgscl,16,32,,firing05,32,32,,expf06,64,64,,expf05,64,64,,crate05,64,64,,fire112,64,64,,hovchp02,16,16,,heatshm3,64,128,,flarefirey,128,128,,heatshm2,64,128,,heatshm1,64,128,,exy01,64,64
firing01,32,32,,exb01,64,64,,flareblue,64,64,,expf07,64,64,,expf06,64,64,,crate06,64,64,,firing01,32,32,,hovr,64,128,,hovr,64,128,,freonammo,32,64,,heatshm3,64,128,,heatshm2,64,128,,fire101,64,64
firing03,32,32,,exg01,64,64,,flarefirey,64,64,,expf08,64,64,,expf07,64,64,,crate07,64,64,,firing03,32,32,,lavblen1,128,128,,intun1,128,64,,freon_fo,64,64,,hovchp02,16,16,,heatshm3,64,128,,fire102,64,64
firing05,32,32,,exhaust,32,32,,freon01,64,16,,expf09,64,64,,expf08,64,64,,crate08,64,64,,firing05,64,64,,lavblen2,64,64,,intun2,128,64,,grey,16,16,,hovr,64,128,,hovchp01,32,64,,fire103,64,64
flareblue,64,64,,expf01,64,64,,freon03,64,32,,expf10,64,64,,expf09,64,64,,crate09,64,64,,flareblue,128,128,,lavhot1,128,128,,ldeshocker,32,64,,gun_fre1,64,128,,icecol1,128,64,,hovchp02,16,16,,fire104,64,64
flarefirey,64,64,,expf02,64,64,,freon04,32,32,,expf11,64,64,,expf10,64,64,,crate10,64,64,,flarefirey,128,128,,ldeshocker,32,64,,ldesphere,128,128,,gun_nap1,64,128,,ldeshocker,32,32,,hovr,64,128,,fire105,64,64
frcgate1,64,64,,expf03,64,64,,freon05,32,32,,expflash,64,64,,expf11,64,64,,crate11,64,64,,freonammo,32,64,,ldesphere,128,128,,ldgun01,64,32,,gun_nap4,32,64,,ldesphere,64,64,,ldeshocker,32,64,,fire106,64,64
freonammo,32,32,,expf04,64,64,,freon06,16,32,,exp_med01,16,16,,expflash,64,64,,crate12,64,64,,freon_fo,64,64,,ldgun01,64,32,,ldgun02,64,128,,gun_nap5,32,16,,ldgun01,64,32,,ldesphere,128,128,,fire107,64,64
freon_fo,32,32,,expf05,64,64,,freonammo,32,32,,exp_med02,16,16,,exp_med01,16,16,,crate13,64,64,,grate1,128,64,,ldgun02,64,128,,ldgun03,128,64,,gun_son1,64,128,,ldgun02,64,128,,ldgun01,64,32,,fire108,64,64
grey,8,8,,expf06,64,64,,freon_fo,32,32,,exp_med03,32,32,,exp_med02,16,16,,crate14,64,64,,grate2,128,64,,ldgun03,128,64,,ldgun04,64,64,,gun_son2,64,64,,ldgun03,128,64,,ldgun02,64,128,,fire109,64,64
gun_fre1,32,64,,expf07,64,64,,ftur04,32,32,,exp_med04,32,32,,exp_med03,32,32,,craterash,32,32,,grate3,128,64,,ldgun04,64,64,,lflare1,64,64,,gun_son3,64,64,,ldgun04,64,64,,ldgun03,128,64,,fire110,64,64
gun_nap1,32,64,,expf08,64,64,,ftur07,16,16,,exp_med05,32,32,,exp_med04,32,32,,craterdirt,32,32,,grate4,32,32,,lflare1,64,64,,lflare2,64,64,,hand1,16,32,,lflare1,32,32,,ldgun04,64,64,,fire111,64,64
gun_nap4,16,32,,expf09,64,64,,ftur08,16,64,,exp_med06,32,32,,exp_med05,32,32,,cratergrass,32,32,,grated1,128,64,,lflare2,64,64,,lflare3,32,32,,hand2,16,16,,lflare2,32,32,,lflare1,64,64,,fire112,64,64
gun_nap5,16,8,,expf10,64,64,,ftur09,16,16,,exp_med07,32,32,,exp_med06,32,32,,craterroad,32,32,,grey,16,16,,lflare3,32,32,,lflare4,64,64,,heatshm1,64,128,,lflare3,16,16,,lflare2,64,64,,firing01,32,32
gun_son1,32,64,,expf11,64,64,,grey,8,8,,exr01,64,64,,exp_med07,32,32,,cratersand,32,32,,gun_fre1,64,128,,lflare4,64,64,,lgun01,64,32,,heatshm2,64,128,,lflare4,32,32,,lflare3,32,32,,firing03,32,32
gun_son2,32,32,,expflash,64,64,,gun_fre1,32,64,,exy01,64,64,,exr01,64,64,,craterston,32,32,,gun_nap1,64,128,,lgun01,64,32,,lgun02,64,128,,heatshm3,64,128,,lgun01,64,32,,lflare4,64,64,,firing05,32,32
gun_son3,32,32,,exp_med01,16,16,,gun_nap1,32,64,,fire101,64,64,,exy01,64,64,,cratrcrd,32,32,,gun_nap4,32,64,,lgun02,64,128,,lgun03,128,64,,hovr,64,128,,lgun02,64,128,,lgun01,64,32,,flareblue,64,64
hand1,16,16,,exp_med02,16,16,,gun_nap4,16,32,,fire102,64,64,,fire101,64,64,,croad01,128,128,,gun_nap5,32,16,,lgun03,128,64,,lgun04,64,64,,hydrant,32,64,,lgun03,128,64,,lgun02,64,128,,flarefirey,64,64
hand2,8,8,,exp_med03,32,32,,gun_nap5,16,8,,fire103,64,64,,fire102,64,64,,croad02,128,128,,gun_son1,64,128,,lgun04,64,64,,lomissammo1,16,64,,ldeshocker,32,64,,lgun04,64,64,,lgun03,128,64,,frcgate1,64,64
heatshm1,32,64,,exp_med04,32,32,,gun_son1,32,64,,fire104,64,64,,fire103,64,64,,drone01,16,32,,gun_son2,64,64,,lndlava1,128,128,,lomissammo2,16,64,,ldesphere,128,128,,lomissammo1,16,64,,lgun04,64,64,,freonammo,32,64
heatshm2,32,64,,exp_med05,32,32,,gun_son2,32,32,,fire105,64,64,,fire104,64,64,,drone02,16,32,,gun_son3,64,64,,lomissammo1,16,64,,lo_nuk01,32,128,,ldgun01,64,32,,lomissammo2,16,64,,lomissammo1,16,64,,freon_fo,32,32
heatshm3,32,64,,exp_med06,32,32,,gun_son3,32,32,,fire106,64,64,,fire105,64,64,,drone03,8,32,,hand1,16,32,,lomissammo2,16,64,,m1cliff1,256,128,,ldgun02,64,128,,lo_nuk01,64,64,,lomissammo2,16,64,,grey,16,16
hel01a,128,128,,exp_med07,32,32,,hand1,16,16,,fire107,64,64,,fire106,64,64,,drone04,16,32,,hand2,16,16,,lo_nuk01,32,128,,m1gate12,128,64,,ldgun03,128,64,,mine_ph1,64,64,,lo_nuk01,32,128,,gun_fre1,64,128
hel01b,32,64,,exr01,64,64,,hand2,8,8,,fire108,64,64,,fire107,64,64,,drone05,32,32,,heatshm1,64,128,,m1gate15,16,128,,m1rock2,256,128,,ldgun04,64,64,,mine_ph2,64,64,,m4canl3,128,128,,gun_nap1,64,128
hel01d,32,128,,exy01,64,64,,heatshm1,32,64,,fire109,64,64,,fire108,64,64,,drone06,32,32,,heatshm2,64,128,,m3brig02,64,128,,m1sky1,256,128,,lflare1,64,64,,mine_rem,16,16,,medwall1,128,128,,gun_nap4,32,64
hel01e,32,128,,fire101,64,64,,heatshm2,32,64,,fire110,64,64,,fire109,64,64,,drone07,32,32,,heatshm3,64,128,,m3hall02,64,128,,mine_ph1,64,64,,lflare2,64,64,,missil01,128,16,,mine_ph1,64,64,,gun_nap5,32,16
intun1,128,64,,fire102,64,64,,heatshm3,32,64,,fire111,64,64,,fire110,64,64,,drone08,64,64,,hill1,256,256,,m3sec01,64,128,,mine_ph2,64,64,,lflare3,32,32,,missil02,64,32,,mine_ph2,64,64,,gun_son1,64,128
intun2,128,64,,fire103,64,64,,hel01a,64,64,,fire112,64,64,,fire111,64,64,,drone09,16,16,,hovchp02,16,16,,m3sec02,64,128,,mine_rem,32,8,,lflare4,64,64,,missil03,64,32,,mine_rem,32,8,,gun_son2,64,64
intun5,64,128,,fire104,64,64,,hel01b,64,64,,firing01,32,32,,fire112,64,64,,drone10,8,32,,hovr,64,128,,m3sec03,64,128,,missil01,128,16,,lgun01,64,32,,missil04,16,16,,missil01,128,16,,gun_son3,64,64
ldeshocker,32,32,,fire105,64,64,,hel01c,32,32,,firing03,32,32,,firing01,32,32,,dsquish1,64,64,,lakecy10,64,64,,mgat01,128,32,,missil02,64,32,,lgun02,64,128,,missil05,128,16,,missil02,64,32,,hand1,16,32
ldesphere,64,64,,fire106,64,64,,hel01e,64,64,,firing05,32,32,,firing03,32,32,,elev04,64,64,,lakecyc1,64,64,,mgat05,128,128,,missil03,64,32,,lgun03,128,64,,mort01,64,64,,missil03,64,32,,hand2,16,16
ldgun01,32,16,,fire107,64,64,,hovchp01,16,32,,flareblue,64,64,,firing05,32,32,,elev05,64,64,,lakecyc2,64,64,,mgat08,128,128,,missil04,16,16,,lgun04,64,64,,mort02,64,64,,missil04,16,16,,heatshm1,64,128
ldgun02,32,64,,fire108,64,64,,hovchp02,8,8,,flarefirey,64,64,,flareblue,64,64,,elev06,64,64,,lakecyc3,64,64,,mgat10,64,64,,missil05,128,16,,lomissammo1,16,64,,mort03,32,128,,missil05,128,16,,heatshm2,64,128
ldgun03,64,32,,fire109,64,64,,hover01,32,32,,freon01,64,16,,flarefirey,64,64,,elev08,32,32,,lakecyc4,64,64,,mgat14,32,32,,mnsand1,128,128,,lomissammo2,16,64,,mortammo1,32,128,,mort01,64,64,,heatshm3,64,128
ldgun04,32,32,,fire110,64,64,,hover02,32,32,,freon03,64,32,,freon01,64,16,,elev09,32,32,,lakecyc5,64,64,,mgat15,64,64,,mnsand2,128,128,,lo_nuk01,32,128,,mortammo2,32,128,,mort02,64,64,,hovchp01,32,64
lflare1,32,32,,fire111,64,64,,hover03,64,32,,freon04,32,32,,freon03,64,32,,elev10,16,16,,lakecyc6,64,64,,mine_ph1,64,64,,mnsrd10,128,128,,mine_ph1,64,64,,mortar,64,64,,mort03,32,128,,hovchp02,16,16
lflare2,32,32,,fire112,64,64,,hover04,32,32,,freon05,32,32,,freon04,32,32,,elev11,64,64,,lakecyc7,64,64,,mine_ph2,64,64,,mnsroad2,128,128,,mine_ph2,64,64,,mortgun2,32,32,,mortammo1,32,128,,hovr,64,128
lflare3,16,16,,firing01,32,32,,hover05,32,8,,freon06,16,32,,freon05,32,32,,elev12,32,32,,lakecyc8,64,64,,mine_rem,32,8,,mnsroad9,128,128,,mine_rem,32,8,,muzz_grn,32,32,,mortammo2,32,128,,intun1,128,64
lflare4,32,32,,firing03,32,32,,hover06,16,16,,freonammo,32,32,,freon06,16,32,,elev14,32,32,,lakecyc9,64,64,,missil01,128,16,,mort01,64,64,,missil01,128,16,,muzz_red,32,32,,mortar,128,32,,intun5,64,128
lgun01,32,16,,firing05,32,32,,hover07,16,16,,freon_fo,32,32,,freonammo,32,32,,erfpgscl,16,32,,ldeshocker,32,64,,missil02,64,32,,mort02,64,64,,missil02,64,32,,nanite,64,64,,mortgun2,64,32,,lav_dirt,32,32
lgun02,32,64,,flareblue,64,64,,hovr,64,64,,ftur01,32,32,,freon_fo,32,32,,esub01,32,32,,ldesphere,128,128,,missil03,64,32,,mort03,32,128,,missil03,64,32,,nanite100,64,64,,muzz_grn,64,64,,ldeshocker,32,32
lgun03,64,32,,flarefirey,64,64,,lavblen1,64,64,,ftur02,16,32,,ftur04,32,32,,esub02,64,32,,ldgun01,64,32,,missil04,16,16,,mortammo1,32,128,,missil04,16,16,,nanocan,64,64,,muzz_red,64,64,,ldesphere,64,64
lgun04,32,32,,freonammo,32,32,,lavblen2,32,32,,ftur03,32,32,,ftur07,16,16,,esub03,32,64,,ldgun02,64,128,,missil05,128,16,,mortammo2,32,128,,missil05,128,16,,napammo,32,64,,nanite,64,64,,ldgun01,64,32
lockon05,128,16,,freon_fo,32,32,,lavhot1,64,64,,ftur04,32,32,,ftur08,16,64,,esub04,32,32,,ldgun03,128,64,,mort01,64,64,,mortar,128,32,,mort01,64,64,,nlitening,32,32,,nanite100,64,64,,ldgun02,64,128
locktrak,32,16,,ftur01,32,32,,lav_dirt,32,32,,ftur05,32,16,,ftur09,16,16,,esub05,32,16,,ldgun04,64,64,,mort02,64,64,,mortgun2,64,32,,mort02,64,64,,nuke00,32,64,,nanocan,64,64,,ldgun03,128,64
lomissammo1,32,32,,ftur02,16,32,,laz01,64,64,,ftur07,16,16,,grey,8,8,,esub06,32,32,,lflare1,64,64,,mort03,32,128,,muzz_grn,64,64,,mort03,32,128,,nuke01,32,64,,napammo,32,64,,ldgun04,64,64
lomissammo2,8,32,,ftur03,32,32,,laz02,32,16,,ftur08,16,64,,gun_fre1,32,64,,esub07,32,64,,lflare2,64,64,,mortammo1,32,128,,muzz_red,64,64,,mortammo1,32,128,,nuke02,32,64,,nlitening,64,16,,lflare1,32,32
lo_nuk01,64,64,,ftur04,32,32,,laz03,32,32,,ftur09,16,16,,gun_nap1,32,64,,esub08,64,16,,lflare3,32,32,,mortammo2,32,128,,nanite,64,64,,mortammo2,32,128,,nuke03,32,64,,nuke00,64,128,,lflare2,32,32
m1cliff1,256,128,,ftur05,32,16,,laz04,64,16,,grass1,128,128,,gun_nap4,16,32,,esub09,64,16,,lflare4,64,64,,mortar,128,32,,nanite100,64,64,,mortar,128,32,,nuke04,128,128,,nuke01,64,128,,lflare3,16,16
m1gate12,128,64,,ftur07,16,16,,laz05,8,8,,grey,8,8,,gun_nap5,16,8,,exb01,64,64,,lgun01,64,32,,mortgun2,64,32,,nanocan,64,64,,mortgun2,64,32,,nuke05,64,128,,nuke02,64,128,,lflare4,32,32
m1gate15,16,128,,ftur08,16,64,,laztrak1,32,16,,gun_fre1,32,64,,gun_son1,32,64,,exg01,64,64,,lgun02,64,128,,muzz_grn,64,64,,napammo,32,64,,muzz_grn,64,64,,nuke06,64,128,,nuke03,64,128,,lgun01,64,32
m1rock2,256,128,,ftur09,16,16,,laztrak2,64,16,,gun_nap1,32,64,,gun_son2,32,32,,exhaust,32,32,,lgun03,128,64,,muzz_red,64,64,,nlitening,64,16,,muzz_red,64,64,,nuke07,64,128,,nuke04,128,128,,lgun02,64,128
m1sky1,256,128,,grate1,64,64,,ldeshocker,32,32,,gun_nap4,16,32,,gun_son3,32,32,,expf01,64,64,,lgun04,64,64,,nanite,64,64,,nuke00,64,128,,nanite,64,64,,nuke08,64,128,,nuke05,64,128,,lgun03,128,64
minelay1,64,32,,grate2,64,64,,ldesphere,64,64,,gun_nap5,16,8,,hand1,16,16,,expf02,64,64,,lomissammo1,16,64,,nanite100,64,64,,nuke01,64,128,,nanite100,64,64,,nuke09,64,128,,nuke06,64,128,,lgun04,64,64
minelay2,64,32,,grate3,64,64,,ldgun01,32,16,,gun_son1,32,64,,hand2,8,8,,expf03,64,64,,lomissammo2,16,64,,nanocan,64,64,,nuke02,64,128,,nanocan,64,64,,nuke10,64,128,,nuke07,64,128,,lomissammo1,16,64
minelay3,32,32,,grate4,16,16,,ldgun02,32,64,,gun_son2,32,32,,heatshm1,32,64,,expf04,64,64,,lo_nuk01,32,128,,napammo,32,64,,nuke03,64,128,,napammo,32,64,,nuke11,64,128,,nuke08,64,128,,lomissammo2,16,64
minelay4,64,32,,grated1,64,64,,ldgun03,64,32,,gun_son3,32,32,,heatshm2,32,64,,expf05,64,64,,mine_ph1,64,64,,nlitening,64,16,,nuke04,128,128,,nlitening,64,16,,nuke12,64,128,,nuke09,64,128,,lo_nuk01,64,64
mine_ph1,32,32,,grey,8,8,,ldgun04,32,32,,hand1,16,16,,heatshm3,32,64,,expf06,64,64,,mine_ph2,64,64,,nsolid1,256,256,,nuke05,64,128,,nuke00,64,128,,nuke13,64,128,,nuke10,64,128,,m1cliff1,256,128
mine_ph2,32,32,,gun_fre1,32,64,,lgun01,32,16,,hand2,8,8,,hovchp01,16,32,,expf07,64,64,,mine_rem,32,8,,nuke00,64,128,,nuke06,64,128,,nuke01,64,128,,nuke14,64,128,,nuke11,64,128,,mine_ph1,64,64
mine_rem,16,16,,gun_nap1,32,64,,lgun02,32,64,,heatshm1,32,64,,hovchp02,8,8,,expf08,64,64,,missil01,128,16,,nuke01,64,128,,nuke07,64,128,,nuke02,64,128,,nuke15,64,128,,nuke12,64,128,,mine_ph2,64,64
missil01,128,16,,gun_nap4,16,32,,lgun03,64,32,,heatshm2,32,64,,hover01,32,32,,expf09,64,64,,missil02,64,32,,nuke02,64,128,,nuke08,64,128,,nuke03,64,128,,nuke16,64,128,,nuke13,64,128,,mine_rem,16,16
missil02,32,16,,gun_nap5,16,8,,lgun04,32,32,,heatshm3,32,64,,hover02,32,32,,expf10,64,64,,missil03,64,32,,nuke03,64,128,,nuke09,64,128,,nuke04,128,128,,nuke17,64,128,,nuke14,64,128,,missil01,128,16
missil03,32,16,,gun_son1,32,64,,lndlava1,128,128,,hel01a,128,128,,hover03,64,32,,expf11,64,64,,missil04,16,16,,nuke04,128,128,,nuke10,64,128,,nuke05,64,128,,nuke18,64,128,,nuke15,64,128,,missil02,64,32
missil04,8,8,,gun_son2,32,32,,lockon01,32,32,,hovchp01,16,32,,hover04,32,32,,expflash,64,64,,missil05,128,16,,nuke05,64,128,,nuke11,64,128,,nuke06,64,128,,nuke19,64,128,,nuke16,64,128,,missil03,64,32
missil05,128,16,,gun_son3,32,32,,lockon02,32,64,,hovchp02,8,8,,hover05,32,8,,exp_med01,16,16,,mort01,64,64,,nuke06,64,128,,nuke12,64,128,,nuke07,64,128,,nuke20,64,128,,nuke17,64,128,,missil04,16,16
mnsand1,128,128,,hand1,16,16,,lockon03,16,32,,hover01,32,32,,hover06,16,16,,exp_med02,16,16,,mort02,64,64,,nuke07,64,128,,nuke13,64,128,,nuke08,64,128,,parachute,128,128,,nuke18,64,128,,missil05,128,16
mnsand2,128,128,,hand2,8,8,,lockon04,16,32,,hover02,32,32,,hover07,16,16,,exp_med03,32,32,,mort03,32,128,,nuke08,64,128,,nuke14,64,128,,nuke09,64,128,,phemgun1,64,128,,nuke19,64,128,,mnsand1,128,128
mnsrd10,128,128,,heatshm1,32,64,,lockon05,128,16,,hover03,64,32,,hovr,64,128,,exp_med04,32,32,,mortammo1,32,128,,nuke09,64,128,,nuke15,64,128,,nuke10,64,128,,pock1,8,8,,nuke20,64,128,,mnsroad9,64,64
mnsroad2,128,128,,heatshm2,32,64,,lockon06,16,32,,hover04,32,32,,icecol1,128,64,,exp_med05,32,32,,mortammo2,32,128,,nuke10,64,128,,nuke16,64,128,,nuke11,64,128,,pock2,16,16,,parachute,128,128,,mort01,64,64
mnsroad9,128,128,,heatshm3,32,64,,lockon07,32,16,,hover05,32,8,,lav_dirt,32,32,,exp_med06,32,32,,mortar,128,32,,nuke11,64,128,,nuke17,64,128,,nuke12,64,128,,pock3,32,32,,phemgun1,64,128,,mort02,64,64
mort01,32,32,,hel01b,64,64,,lockon08,32,64,,hover06,16,16,,laz01,64,64,,exp_med07,32,32,,mortgun2,64,32,,nuke12,64,128,,nuke18,64,128,,nuke13,64,128,,powerdstb,16,16,,pock1,8,8,,mort03,32,128
mort02,64,64,,hel01c,32,32,,lockon09,32,32,,hover07,16,16,,laz02,32,16,,exr01,64,64,,muzz_grn,64,64,,nuke13,64,128,,nuke19,64,128,,nuke14,64,128,,powrdest,32,32,,pock2,16,16,,mortammo1,32,128
mort03,64,64,,hel01d,64,64,,lockon10,32,16,,hovr,64,128,,laz03,32,32,,exy01,64,64,,muzz_red,64,64,,nuke14,64,128,,nuke20,64,128,,nuke15,64,128,,prop01,64,64,,pock3,32,32,,mortammo2,32,128
mortammo1,16,64,,hel01e,64,64,,lockon11,32,8,,hydrant,32,64,,laz04,64,16,,fire101,64,64,,nanite,64,64,,nuke15,64,128,,ocean1,64,64,,nuke16,64,128,,prop02,64,64,,powerdstb,16,16,,mortar,64,64
mortammo2,16,64,,hill1,128,128,,lockon12,16,32,,lav_dirt,32,32,,laz05,8,8,,fire102,64,64,,nanite100,64,64,,nuke16,64,128,,phemgun1,64,128,,nuke17,64,128,,prop03,64,64,,powrdest,32,32,,mortgun2,32,32
mortar,64,64,,lakecy10,32,32,,lockon13,32,16,,laz01,64,64,,laztrak1,32,16,,fire103,64,64,,nanocan,64,64,,nuke17,64,128,,pock1,8,8,,nuke18,64,128,,prop04,64,64,,ptur_d02,16,32,,muzz_grn,32,32
mortgun2,32,32,,lakecyc1,32,32,,locktrak,32,16,,laz02,32,16,,laztrak2,64,16,,fire104,64,64,,napammo,32,64,,nuke18,64,128,,pock2,16,16,,nuke19,64,128,,ptur_d02,16,32,,ptur_d03,32,32,,muzz_red,32,32
muzz_grn,32,32,,lakecyc2,32,32,,lomissammo1,32,32,,laz03,32,32,,ldeshocker,32,32,,fire105,64,64,,nlitening,64,16,,nuke19,64,128,,pock3,32,32,,nuke20,64,128,,ptur_d03,32,32,,qsnd01,64,64,,nanite,64,64
muzz_red,32,32,,lakecyc3,32,32,,lomissammo2,8,32,,laz04,64,16,,ldesphere,64,64,,fire106,64,64,,nuke00,64,128,,nuke20,64,128,,powerdstb,16,16,,phemgun1,64,128,,qsnd01,64,64,,qsnd02,64,64,,nanite100,64,64
nanite,32,32,,lakecyc4,32,32,,lo_nuk01,64,64,,laz05,8,8,,ldgun01,32,16,,fire107,64,64,,nuke01,64,128,,parachute,128,128,,powrdest,32,32,,pock1,8,8,,qsnd02,64,64,,qsnd03,64,64,,nanocan,64,64
nanite100,32,32,,lakecyc5,32,32,,m1gate15,16,128,,laztrak1,32,16,,ldgun02,32,64,,fire108,64,64,,nuke02,64,128,,phemgun1,64,128,,ptur_d02,16,32,,pock2,16,16,,qsnd03,64,64,,qsnd04,64,64,,napammo,32,64
nanocan,32,32,,lakecyc6,32,32,,m3brig02,64,128,,laztrak2,64,16,,ldgun03,64,32,,fire109,64,64,,nuke03,64,128,,pock1,8,8,,ptur_d03,32,32,,pock3,32,32,,qsnd04,64,64,,qsnd05,64,64,,nlitening,32,32
napammo,16,32,,lakecyc7,32,32,,m3hall02,64,128,,ldeshocker,32,32,,ldgun04,32,32,,fire110,64,64,,nuke04,128,128,,pock2,16,16,,qsnd01,64,64,,powerdstb,16,16,,qsnd05,64,64,,qsnd06,64,64,,nuke00,32,64
napm01,64,16,,lakecyc8,32,32,,m3sec01,64,128,,ldesphere,64,64,,lflare1,32,32,,fire111,64,64,,nuke05,64,128,,pock3,32,32,,qsnd02,64,64,,powrdest,32,32,,qsnd06,64,64,,qsnd07,64,64,,nuke01,32,64
napm02,32,32,,lakecyc9,32,32,,m3sec02,64,128,,ldgun01,32,16,,lflare2,32,32,,fire112,64,64,,nuke06,64,128,,powerdstb,16,16,,qsnd03,64,64,,ptur_d02,16,32,,qsnd07,64,64,,rail01,128,64,,nuke02,32,64
napm03,64,32,,lav_dirt,32,32,,m3sec03,64,128,,ldgun02,32,64,,lflare3,16,16,,firing01,32,32,,nuke07,64,128,,powrdest,32,32,,qsnd04,64,64,,ptur_d03,32,32,,regen01,32,32,,refl0000,64,64,,nuke03,32,64
napm04,32,32,,laz01,64,64,,mgat01,128,32,,ldgun03,64,32,,lflare4,32,32,,firing03,32,32,,nuke08,64,128,,ptur_d02,16,32,,qsnd05,64,64,,qsnd01,64,64,,regen05,32,32,,refl0010,64,64,,nuke04,64,64
napm05,32,32,,laz02,32,16,,mgat05,128,128,,ldgun04,32,32,,lgun01,32,16,,firing05,32,32,,nuke09,64,128,,ptur_d03,32,32,,qsnd06,64,64,,qsnd02,64,64,,rfpgscl,32,64,,refl0020,64,64,,nuke05,32,64
napm06,16,32,,laz03,32,32,,mgat08,128,128,,lflare1,32,32,,lgun02,32,64,,flareblue,64,64,,nuke10,64,128,,qsnd01,64,64,,qsnd07,64,64,,qsnd03,64,64,,rokt01,32,64,,refl0030,64,64,,nuke06,32,64
nlitening,32,32,,laz04,64,16,,mgat10,64,64,,lflare2,32,32,,lgun03,64,32,,flarefirey,64,64,,nuke11,64,128,,qsnd02,64,64,,rarm,16,32,,qsnd04,64,64,,rsmkring,128,128,,refl0040,64,64,,nuke07,32,64
ntur11,16,16,,laz05,8,8,,mgat14,32,32,,lflare3,16,16,,lgun04,32,32,,freon01,64,16,,nuke12,64,128,,qsnd03,64,64,,rbicep,16,16,,qsnd05,64,64,,shatter1,32,16,,refl0050,64,64,,nuke08,32,64
nuke00,32,64,,laztrak1,32,16,,mgat15,64,64,,lflare4,32,32,,lockon01,32,32,,freon03,64,32,,nuke13,64,128,,qsnd04,64,64,,rcalf,16,32,,qsnd06,64,64,,shatter2,32,16,,refl0060,64,64,,nuke09,32,64
nuke01,32,64,,laztrak2,64,16,,minelay1,64,32,,lgun01,32,16,,lockon02,32,64,,freon04,32,32,,nuke14,64,128,,qsnd05,64,64,,regen01,32,32,,qsnd07,64,64,,shatter3,32,16,,refl0070,64,64,,nuke10,32,64
nuke02,32,64,,ldeshocker,32,32,,minelay2,64,32,,lgun02,32,64,,lockon03,16,32,,freon05,32,32,,nuke15,64,128,,qsnd06,64,64,,regen05,32,32,,rarm,16,32,,sizzle,32,64,,refl0080,64,64,,nuke11,32,64
nuke03,32,64,,ldesphere,64,64,,minelay3,32,32,,lgun03,64,32,,lockon04,16,32,,freon06,16,32,,nuke16,64,128,,qsnd07,64,64,,rfpgscl,32,64,,rbicep,16,16,,snow_dirt,64,64,,regen01,32,32,,nuke12,32,64
nuke04,64,64,,ldgun01,32,16,,minelay4,64,32,,lgun04,32,32,,lockon05,128,16,,freonammo,32,32,,nuke17,64,128,,regen01,32,32,,rhelm,16,16,,rcalf,16,32,,sonicfly,64,64,,regen05,32,32,,nuke13,32,64
nuke05,32,64,,ldgun02,32,64,,mine_ph1,32,32,,lockon01,32,32,,lockon06,16,32,,freon_fo,32,32,,nuke18,64,128,,regen05,32,32,,rokt01,32,64,,regen01,32,32,,splashbase,64,64,,rfpgscl,32,64,,nuke14,32,64
nuke06,32,64,,ldgun03,64,32,,mine_ph2,32,32,,lockon02,32,64,,lockon07,32,16,,ftur04,32,32,,nuke19,64,128,,retain06,128,64,,rsmkring,128,128,,regen05,32,32,,splashup,64,64,,road1,128,64,,nuke15,32,64
nuke07,32,64,,ldgun04,32,32,,mine_rem,16,16,,lockon03,16,32,,lockon08,32,64,,ftur07,16,16,,nuke20,64,128,,rfpgscl,32,64,,rthigh,16,32,,rfpgscl,32,64,,sub03,64,32,,road2,128,64,,nuke16,32,64
nuke08,32,64,,lflare1,32,32,,missil01,128,16,,lockon04,16,32,,lockon09,32,32,,ftur08,16,64,,padedg2,128,32,,rhelm,16,16,,rtorso,16,32,,rhelm,16,16,,sub04,32,64,,roadtdir,128,64,,nuke17,32,64
nuke09,32,64,,lflare2,32,32,,missil02,32,16,,lockon05,128,16,,lockon10,32,16,,ftur09,16,16,,parachute,128,128,,rokt01,32,64,,scliftrn1,128,128,,rokt01,32,64,,sub05,32,64,,rokt01,32,64,,nuke18,32,64
nuke10,32,64,,lflare3,16,16,,missil03,32,16,,lockon06,16,32,,lockon11,32,8,,grey,8,8,,phemgun1,64,128,,rsmkring,128,128,,shatter1,32,16,,rsmkring,128,128,,sub06,64,16,,rsmkring,128,128,,nuke19,32,64
nuke11,32,64,,lflare4,32,32,,missil04,8,8,,lockon07,32,16,,lockon12,16,32,,gun_fre1,32,64,,pock1,8,8,,shatter1,32,16,,shatter2,32,16,,rthigh,16,32,,sub07,16,32,,rusty01,128,64,,nuke20,32,64
nuke12,32,64,,lgun01,32,16,,missil05,128,16,,lockon08,32,64,,lockon13,32,16,,gun_nap1,32,64,,pock2,16,16,,shatter2,32,16,,shatter3,32,16,,rtorso,16,32,,subchp01,32,64,,rusty02,128,64,,phemgun1,64,128
nuke13,32,64,,lgun02,32,64,,mort01,32,32,,lockon09,32,32,,locktrak,32,16,,gun_nap4,16,32,,pock3,32,32,,shatter3,32,16,,sizzle,32,64,,shatter1,32,16,,tankback,128,64,,rusty03,128,64,,piptil10,64,64
nuke14,32,64,,lgun03,64,32,,mort02,64,64,,lockon10,32,16,,lomissammo1,32,32,,gun_nap5,16,8,,powerdstb,16,16,,sizzle,32,64,,sonicfly,64,64,,shatter2,32,16,,tankbotm,64,128,,rusty04,128,64,,piptil11,64,256
nuke15,32,64,,lgun04,32,32,,mort03,64,64,,lockon11,32,8,,lomissammo2,8,32,,gun_son1,32,64,,powrdest,32,32,,skym3,256,128,,splashbase,64,64,,shatter3,32,16,,tankgn01,64,64,,rusty05,128,64,,piptil12,64,64
nuke16,32,64,,lockon01,32,32,,mortammo1,16,64,,lockon12,16,32,,lo_nuk01,64,64,,gun_son2,32,32,,ptur_d02,16,32,,sonicfly,64,64,,splashup,64,64,,sizzle,32,64,,tankgn02,32,64,,rusty06,128,64,,piptil13,64,64
nuke17,32,64,,lockon02,32,64,,mortammo2,16,64,,lockon13,32,16,,minelay1,64,32,,gun_son3,32,32,,ptur_d03,32,32,,splashbase,64,64,,surf01,64,64,,sonicfly,64,64,,tankgn03,32,64,,rusty07,128,64,,piptile1,64,64
nuke18,32,64,,lockon03,16,32,,mortar,64,64,,locktrak,32,16,,minelay2,64,32,,hand1,16,16,,qsnd01,64,64,,splashup,64,64,,surf02,64,64,,splashbase,64,64,,tankgn04,64,32,,shatter1,32,16,,piptile5,64,64
nuke19,32,64,,lockon04,16,32,,mortgun2,32,32,,lomissammo1,32,32,,minelay3,32,32,,hand2,8,8,,qsnd02,64,64,,tankback,128,64,,surf03,64,64,,splashup,64,64,,tankgn05,32,64,,shatter2,32,16,,piptile6,64,32
nuke20,32,64,,lockon05,128,16,,muzz_grn,32,32,,lomissammo2,8,32,,minelay4,64,32,,heatshm1,32,64,,qsnd03,64,64,,tankbotm,64,128,,surf04,64,64,,tankback,128,64,,tanklite,64,16,,shatter3,32,16,,piptile7,64,64
ocean1,64,64,,lockon06,16,32,,muzz_red,32,32,,lo_nuk01,64,64,,mine_ph1,32,32,,heatshm2,32,64,,qsnd04,64,64,,tankgn01,64,64,,surf05,64,64,,tankbotm,64,128,,tankpon1,256,32,,sizzle,32,64,,piptile8,64,64
parachute,64,64,,lockon07,32,16,,nanite,32,32,,m4canl3,128,128,,mine_ph2,32,32,,heatshm3,32,64,,qsnd05,64,64,,tankgn02,32,64,,surf06,64,64,,tankgn01,64,64,,tankpon2,256,32,,skym4,256,128,,piptile9,64,256
pblb,32,64,,lockon08,32,64,,nanite100,32,32,,medwall1,128,128,,mine_rem,16,16,,hovchp01,16,32,,qsnd06,64,64,,tankgn03,32,64,,surf07,64,64,,tankgn02,32,64,,tankside,128,32,,sonicfly,64,64,,pock1,8,8
phemgun1,32,64,,lockon09,32,32,,nanocan,32,32,,minelay1,64,32,,missil01,128,16,,hovchp02,8,8,,qsnd07,64,64,,tankgn04,64,32,,surf08,64,64,,tankgn03,32,64,,tanktop,128,256,,splashbase,64,64,,pock2,16,16
pock1,8,8,,lockon10,32,16,,napammo,16,32,,minelay2,64,32,,missil02,32,16,,hover01,32,32,,rarm,16,32,,tankgn05,32,64,,surf09,64,64,,tankgn04,64,32,,tanktrak,64,16,,splashup,64,64,,pock3,32,32
pock2,16,16,,lockon11,32,8,,napm01,64,16,,minelay3,32,32,,missil03,32,16,,hover02,32,32,,rbicep,16,16,,tanklite,64,16,,surf10,64,64,,tankgn05,32,64,,tanktrak1,64,16,,streets1,64,64,,polbeam1,32,32
pock3,32,32,,lockon12,16,32,,napm02,32,32,,minelay4,64,32,,missil04,8,8,,hover03,64,32,,rcalf,16,32,,tankpon1,256,32,,surf11,64,64,,tanklite,64,16,,tanktrak2,64,16,,tankback,128,64,,poldest1,128,128
powerdstb,8,8,,lockon13,32,16,,napm03,64,32,,mine_ph1,32,32,,missil05,128,16,,hover04,32,32,,regen01,32,32,,tankpon2,256,32,,surf12,64,64,,tankpon1,256,32,,tanktrak3,64,16,,tankbotm,64,128,,polite1,64,16
powrdest,16,16,,locktrak,32,16,,napm04,32,32,,mine_ph2,32,32,,mort01,32,32,,hover05,32,8,,regen05,32,32,,tankside,128,32,,surf13,64,64,,tankpon2,256,32,,tanktrks,128,32,,tankgn01,64,64,,polite2,64,16
powrstak,128,128,,lomissammo1,32,32,,napm05,32,32,,mine_rem,16,16,,mort02,64,64,,hover06,16,16,,rfpgscl,32,64,,tanktop,128,256,,tankback,128,64,,tankside,128,32,,tankwing,64,128,,tankgn02,32,64,,polroad1,128,128
powrwal2,128,64,,lomissammo2,8,32,,napm06,16,32,,missil01,128,16,,mort03,64,64,,hover07,16,16,,rhelm,16,16,,tanktrak,64,16,,tankbotm,64,128,,tanktop,128,256,,tg_nuk01,32,128,,tankgn03,32,64,,polroad3,128,128
powrwal3,128,64,,lo_nuk01,64,64,,nlitening,32,32,,missil02,32,16,,mortammo1,16,64,,hovr,64,128,,road4,128,128,,tanktrak1,64,16,,tankgn01,64,64,,tanktrak,64,16,,tg_nuk02,32,16,,tankgn04,64,32,,polroad4,64,64
ptlite01,32,32,,minelay1,64,32,,nsolid1,256,256,,missil03,32,16,,mortammo2,16,64,,hydrant,32,32,,road6,64,128,,tanktrak2,64,16,,tankgn02,32,64,,tanktrak1,64,16,,tg_nuk03,16,16,,tankgn05,32,64,,polroad5,64,64
ptur01,32,32,,minelay2,64,32,,ntur05,64,32,,missil04,8,8,,mortar,64,64,,lav_dirt,32,32,,rokt01,32,64,,tanktrak3,64,16,,tankgn03,32,64,,tanktrak2,64,16,,tracer,32,64,,tanklite,64,16,,polwall1,128,128
ptur02,16,32,,minelay3,32,32,,ntur06,32,32,,missil05,128,16,,mortgun2,32,32,,laz01,64,64,,rsmkring,128,128,,tanktrks,128,32,,tankgn04,64,32,,tanktrak3,64,16,,tracer1,32,64,,tankpon1,256,32,,polwall2,128,128
ptur03,16,32,,minelay4,64,32,,ntur07,32,32,,mort01,32,32,,muzz_grn,32,32,,laz02,32,16,,rthigh,16,32,,tankwing,64,128,,tankgn05,32,64,,tanktrks,128,32,,trnchr2,64,64,,tankpon2,256,32,,polwall4,128,128
ptur04,16,32,,mine_ph1,32,32,,ntur08,32,32,,mort02,64,64,,muzz_red,32,32,,laz03,32,32,,rtorso,16,32,,tg_nuk01,32,128,,tanklite,64,16,,tankwing,64,128,,tsmok1,64,64,,tankside,128,32,,polwall6,64,128
ptur05,32,16,,mine_ph2,32,32,,ntur09,64,16,,mort03,64,64,,nanite,32,32,,laz04,64,16,,sand4,64,64,,tg_nuk02,32,16,,tankpon1,256,32,,tg_nuk01,32,128,,tsmok2,64,64,,tanktop,128,256,,polwall7,128,128
ptur06,32,32,,mine_rem,16,16,,ntur10,16,16,,mortammo1,16,64,,nanite100,32,32,,laz05,8,8,,shatter1,32,16,,tg_nuk03,16,16,,tankpon2,256,32,,tg_nuk02,32,16,,tsmok3,64,64,,tanktrak,64,16,,polwall8,64,128
ptur07,16,16,,missil01,128,16,,ntur11,16,16,,mortammo2,16,64,,nanocan,32,32,,laztrak1,32,16,,shatter2,32,16,,tracer,32,64,,tankside,128,32,,tg_nuk03,16,16,,turb01,64,64,,tanktrak1,64,16,,powerdstb,8,8
ptur08,16,64,,missil02,32,16,,nuke00,32,64,,mortar,64,64,,napammo,16,32,,laztrak2,64,16,,shatter3,32,16,,tracer1,32,64,,tanktop,128,256,,tracer,32,64,,turb02,64,64,,tanktrak2,64,16,,powrdest,16,16
ptur09,16,16,,missil03,32,16,,nuke01,32,64,,mortgun2,32,32,,napm01,64,16,,ldeshocker,32,32,,sizzle,32,64,,trnchr2,64,64,,tanktrak,64,16,,tracer1,32,64,,turb03,64,64,,tanktrak3,64,16,,powrstak,64,64
ptur_d01,16,16,,missil04,8,8,,nuke02,32,64,,muzz_grn,32,32,,napm02,32,32,,ldesphere,64,64,,sky2,256,128,,tsmok1,64,64,,tanktrak1,64,16,,trnchr2,64,64,,turb04,64,64,,tanktrks,128,32,,powrwal2,128,64
ptur_d02,16,16,,missil05,128,16,,nuke03,32,64,,muzz_red,32,32,,napm03,64,32,,ldgun01,32,16,,sonicfly,64,64,,tsmok2,64,64,,tanktrak2,64,16,,tsmok1,64,64,,turb05,64,64,,tankwing,64,128,,powrwal3,128,64
ptur_d03,16,16,,mort01,32,32,,nuke04,64,64,,nanite,32,32,,napm04,32,32,,ldgun02,32,64,,splashbase,64,64,,tsmok3,64,64,,tanktrak3,64,16,,tsmok2,64,64,,turb06,64,64,,tg_nuk01,32,128,,prop01,64,64
qsnd01,32,32,,mort02,64,64,,nuke05,32,64,,nanite100,32,32,,napm05,32,32,,ldgun03,64,32,,splashup,64,64,,vid01,128,128,,tanktrks,128,32,,tsmok3,64,64,,turb07,64,64,,tg_nuk02,32,16,,prop02,64,64
qsnd02,32,32,,mort03,64,64,,nuke06,32,64,,nanocan,32,32,,napm06,16,32,,ldgun04,32,32,,tankback,128,64,,vid02,128,128,,tankwing,64,128,,vid01,128,128,,turb08,64,64,,tg_nuk03,16,16,,prop03,64,64
qsnd03,32,32,,mortammo1,16,64,,nuke07,32,64,,napammo,16,32,,nlitening,32,32,,lflare1,32,32,,tankbotm,64,128,,vid03,128,128,,tg_nuk01,32,128,,vid02,128,128,,turb09,64,64,,tracer,32,64,,prop04,64,64
qsnd04,32,32,,mortammo2,16,64,,nuke08,32,64,,napm01,64,16,,ntur11,16,16,,lflare2,32,32,,tankgn01,64,64,,vid04,128,128,,tg_nuk02,32,16,,vid03,128,128,,turb10,64,64,,tracer1,32,64,,ptur_d02,16,32
qsnd05,32,32,,mortar,64,64,,nuke09,32,64,,napm02,32,32,,nuke00,32,64,,lflare3,16,16,,tankgn02,32,64,,vid05,128,128,,tg_nuk03,16,16,,vid04,128,128,,vid01,128,128,,trnchr2,64,64,,ptur_d03,32,32
qsnd06,32,32,,mortgun2,32,32,,nuke10,32,64,,napm03,64,32,,nuke01,32,64,,lflare4,32,32,,tankgn03,32,64,,vid06,128,128,,tracer,32,64,,vid05,128,128,,vid02,128,128,,tryard1,128,128,,qsnd01,64,64
qsnd07,32,32,,muzz_grn,32,32,,nuke11,32,64,,napm04,32,32,,nuke02,32,64,,lgun01,32,16,,tankgn04,64,32,,vid07,128,128,,tracer1,32,64,,vid06,128,128,,vid03,128,128,,tryard3,32,32,,qsnd02,64,64
rarm,16,16,,muzz_red,32,32,,nuke12,32,64,,napm05,32,32,,nuke03,32,64,,lgun02,32,64,,tankgn05,32,64,,vid08,128,128,,trnchr2,64,64,,vid07,128,128,,vid04,128,128,,tsmok1,64,64,,qsnd03,64,64
rbicep,8,8,,nanite,32,32,,nuke13,32,64,,napm06,16,32,,nuke04,64,64,,lgun03,64,32,,tanklite,64,16,,vid09,128,128,,tsmok1,64,64,,vid08,128,128,,vid05,128,128,,tsmok2,64,64,,qsnd04,64,64
rcalf,16,16,,nanite100,32,32,,nuke14,32,64,,nlitening,32,32,,nuke05,32,64,,lgun04,32,32,,tankpon1,256,32,,vtol01,64,128,,tsmok2,64,64,,vid09,128,128,,vid06,128,128,,tsmok3,64,64,,qsnd05,64,64
regen01,16,16,,nanocan,32,32,,nuke15,32,64,,ntur02g,64,16,,nuke06,32,64,,lockon01,32,32,,tankpon2,256,32,,vtol02,128,64,,tsmok3,64,64,,wsmkring,128,128,,vid07,128,128,,turb01,64,64,,qsnd06,64,64
regen05,16,16,,napammo,16,32,,nuke16,32,64,,ntur11,16,16,,nuke07,32,64,,lockon02,32,64,,tankside,128,32,,vtol03,128,64,,turb01,64,64,,wsmok1,64,64,,vid08,128,128,,turb02,64,64,,qsnd07,64,64
reta10,256,64,,napm01,64,16,,nuke17,32,64,,nuke00,32,64,,nuke08,32,64,,lockon03,16,32,,tanktop,128,256,,vtol04,64,64,,turb02,64,64,,wsmok2,64,64,,vid09,128,128,,turb03,64,64,,regen01,16,16
rfpgscl,32,32,,napm02,32,32,,nuke18,32,64,,nuke01,32,64,,nuke09,32,64,,lockon04,16,32,,tanktrak,64,16,,vtol05,64,64,,turb03,64,64,,wsmok3,64,64,,vtol01,64,128,,turb04,64,64,,regen05,16,16
rhelm,8,8,,napm03,64,32,,nuke19,32,64,,nuke02,32,64,,nuke10,32,64,,lockon05,128,16,,tanktrak1,64,16,,vtol06,128,64,,turb04,64,64,,,,,,vtol02,128,64,,turb05,64,64,,reta10,256,64
rokt01,16,32,,napm04,32,32,,nuke20,32,64,,nuke03,32,64,,nuke11,32,64,,lockon06,16,32,,tanktrak2,64,16,,vtol07,128,128,,turb05,64,64,,,,,,vtol03,128,64,,turb06,64,64,,rfpgscl,32,64
rokt02,32,64,,napm05,32,32,,parachute,64,64,,nuke04,64,64,,nuke12,32,64,,lockon07,32,16,,tanktrak3,64,16,,vtol08,128,64,,turb06,64,64,,,,,,vtol04,64,64,,turb07,64,64,,rokt01,16,32
rokt03,32,64,,napm06,16,32,,phemgun1,32,64,,nuke05,32,64,,nuke13,32,64,,lockon08,32,64,,tanktrks,128,32,,vtol09,64,128,,turb07,64,64,,,,,,vtol05,64,64,,turb08,64,64,,rsmkring,64,64
rokt04,32,64,,nlitening,32,32,,pock1,8,8,,nuke06,32,64,,nuke14,32,64,,lockon09,32,32,,tankwing,64,128,,vtol10,32,64,,turb08,64,64,,,,,,vtol06,128,64,,turb09,64,64,,shatter1,16,16
rokt05,32,64,,ntur02g,64,16,,pock2,16,16,,nuke07,32,64,,nuke15,32,64,,lockon10,32,16,,tg_nuk01,32,128,,vtol11,32,64,,turb09,64,64,,,,,,vtol07,128,128,,turb10,64,64,,shatter2,16,16
rokt06,32,64,,ntur05,64,32,,pock3,32,32,,nuke08,32,64,,nuke16,32,64,,lockon11,32,8,,tg_nuk02,32,16,,vtol12,32,32,,turb10,64,64,,,,,,vtol08,128,64,,vid01,128,128,,shatter3,16,16
rsmkring,64,64,,ntur06,32,32,,powerdstb,8,8,,nuke09,32,64,,nuke17,32,64,,lockon12,16,32,,tg_nuk03,16,16,,vtol13,64,64,,vid01,128,128,,,,,,vtol09,64,128,,vid02,128,128,,sizzle,16,32
rthigh,16,16,,ntur07,32,32,,powrdest,16,16,,nuke10,32,64,,nuke18,32,64,,lockon13,32,16,,tracer,32,64,,vtol14,128,128,,vid02,128,128,,,,,,vtol10,32,64,,vid03,128,128,,skym6,256,128
rtorso,16,16,,ntur08,32,32,,ptlite01,32,32,,nuke11,32,64,,nuke19,32,64,,locktrak,32,16,,tracer1,32,64,,vtol15,64,64,,vid03,128,128,,,,,,vtol11,32,64,,vid04,128,128,,sonicfly,32,32
sam01,32,32,,ntur09,64,16,,ptur01,32,32,,nuke12,32,64,,nuke20,32,64,,lomissammo1,32,32,,trnchr2,64,64,,wsmkring,128,128,,vid04,128,128,,,,,,vtol12,32,32,,vid05,128,128,,splashbase,32,32
sam02,32,32,,ntur10,16,16,,ptur02,16,32,,nuke13,32,64,,parachute,64,64,,lomissammo2,8,32,,tsmok1,64,64,,wsmok1,64,64,,vid05,128,128,,,,,,vtol13,64,64,,vid06,128,128,,splashup,32,32
sam03,32,32,,ntur11,16,16,,ptur03,16,32,,nuke14,32,64,,phemgun1,32,64,,lo_nuk01,64,64,,tsmok2,64,64,,wsmok2,64,64,,vid06,128,128,,,,,,vtol14,128,128,,vid07,128,128,,sub03,64,32
sam04,32,32,,nuke00,32,64,,ptur04,16,32,,nuke15,32,64,,pock1,8,8,,minelay1,64,32,,tsmok3,64,64,,wsmok3,64,64,,vid07,128,128,,,,,,vtol15,64,64,,vid08,128,128,,sub04,32,64
sam05,32,32,,nuke01,32,64,,ptur05,32,16,,nuke16,32,64,,pock2,16,16,,minelay2,64,32,,turb01,64,64,,,,,,vid08,128,128,,,,,,watexp01,64,64,,vid09,128,128,,sub05,32,64
sam06,32,32,,nuke02,32,64,,ptur06,32,32,,nuke17,32,64,,pock3,32,32,,minelay3,32,32,,turb02,64,64,,,,,,vid09,128,128,,,,,,watexp02,64,64,,vtol01,64,128,,sub06,64,16
sam07,32,32,,nuke03,32,64,,ptur07,16,16,,nuke18,32,64,,powerdstb,8,8,,minelay4,64,32,,turb03,64,64,,,,,,wsmkring,128,128,,,,,,watexp03,64,64,,vtol02,128,64,,sub07,16,32
sam08,16,16,,nuke04,64,64,,ptur08,16,64,,nuke19,32,64,,powrdest,16,16,,mine_ph1,32,32,,turb04,64,64,,,,,,wsmok1,64,64,,,,,,watexp04,64,64,,vtol03,128,64,,subchp01,32,64
sam09,32,32,,nuke05,32,64,,ptur09,16,16,,nuke20,32,64,,prop01,64,64,,mine_ph2,32,32,,turb05,64,64,,,,,,wsmok2,64,64,,,,,,watexp05,64,64,,vtol04,64,64,,tankback,128,64
sam10,16,16,,nuke06,32,64,,ptur_d01,16,16,,parachute,64,64,,prop02,64,64,,mine_rem,16,16,,turb06,64,64,,,,,,wsmok3,64,64,,,,,,watexp06,64,64,,vtol05,64,64,,tankbotm,64,128
sam11,16,16,,nuke07,32,64,,ptur_d02,16,16,,pblb,32,64,,prop03,64,64,,missil01,128,16,,turb07,64,64,,,,,,,,,,,,,,watexp07,64,64,,vtol06,128,64,,tankgn01,64,64
sam12,16,16,,nuke08,32,64,,ptur_d03,16,16,,phemgun1,32,64,,prop04,64,64,,missil02,32,16,,turb08,64,64,,,,,,,,,,,,,,watexp08,64,64,,vtol07,128,128,,tankgn02,32,64
scliftrn1,128,128,,nuke09,32,64,,qsnd01,32,32,,pock1,8,8,,ptlite01,32,32,,missil03,32,16,,turb09,64,64,,,,,,,,,,,,,,watexp09,64,64,,vtol08,128,64,,tankgn03,32,64
scout01,64,16,,nuke10,32,64,,qsnd02,32,32,,pock2,16,16,,ptur01,32,32,,missil04,8,8,,turb10,64,64,,,,,,,,,,,,,,watexp10,64,64,,vtol09,64,128,,tankgn04,64,32
scout02,64,64,,nuke11,32,64,,qsnd03,32,32,,pock3,32,32,,ptur02,16,32,,missil05,128,16,,vid01,128,128,,,,,,,,,,,,,,watexp11,64,64,,vtol10,32,64,,tankgn05,32,64
scout03,32,8,,nuke12,32,64,,qsnd04,32,32,,powerdstb,8,8,,ptur03,16,32,,mort01,32,32,,vid02,128,128,,,,,,,,,,,,,,wsmkring,128,128,,vtol11,32,64,,tanklite,64,16
scout04,16,16,,nuke13,32,64,,qsnd05,32,32,,powrdest,16,16,,ptur04,16,32,,mort02,64,64,,vid03,128,128,,,,,,,,,,,,,,wsmok1,64,64,,vtol12,32,32,,tankpon1,256,32
scout05,32,8,,nuke14,32,64,,qsnd06,32,32,,ptlite01,32,32,,ptur05,32,16,,mort03,64,64,,vid04,128,128,,,,,,,,,,,,,,wsmok2,64,64,,vtol13,64,64,,tankpon2,256,32
scout06,32,32,,nuke15,32,64,,qsnd07,32,32,,ptur04,16,32,,ptur06,32,32,,mortammo1,16,64,,vid05,128,128,,,,,,,,,,,,,,wsmok3,64,64,,vtol14,128,128,,tankside,128,32
scout07,8,8,,nuke16,32,64,,rarm,16,16,,ptur_d01,16,16,,ptur07,16,16,,mortammo2,16,64,,vid06,128,128,,,,,,,,,,,,,,,,,,vtol15,64,64,,tanktop,128,256
shatter1,16,16,,nuke17,32,64,,rbicep,8,8,,ptur_d02,16,16,,ptur08,16,64,,mortar,64,64,,vid07,128,128,,,,,,,,,,,,,,,,,,ware02,64,128,,tanktrak,64,16
shatter2,16,16,,nuke18,32,64,,rcalf,16,16,,ptur_d03,16,16,,ptur09,16,16,,mortgun2,32,32,,vid08,128,128,,,,,,,,,,,,,,,,,,ware04,64,64,,tanktrak1,64,16
shatter3,16,16,,nuke19,32,64,,regen01,16,16,,qsnd01,32,32,,ptur_d01,16,16,,muzz_grn,32,32,,vid09,128,128,,,,,,,,,,,,,,,,,,watr01,64,64,,tanktrak2,64,16
sizzle,16,32,,nuke20,32,64,,regen05,16,16,,qsnd02,32,32,,ptur_d02,16,16,,muzz_red,32,32,,vtol01,64,128,,,,,,,,,,,,,,,,,,watr02,64,64,,tanktrak3,64,16
sonicfly,32,32,,padedg2,64,64,,retain03,128,64,,qsnd03,32,32,,ptur_d03,16,16,,nanite,32,32,,vtol02,128,64,,,,,,,,,,,,,,,,,,watr03,64,64,,tanktrks,128,32
splashbase,32,32,,parachute,64,64,,retain06,128,64,,qsnd04,32,32,,qsnd01,32,32,,nanite100,32,32,,vtol03,128,64,,,,,,,,,,,,,,,,,,watr04,64,64,,tankwing,64,128
splashup,32,32,,phemgun1,32,64,,rfpgscl,16,32,,qsnd05,32,32,,qsnd02,32,32,,nanocan,32,32,,vtol04,64,64,,,,,,,,,,,,,,,,,,watr05,64,64,,tele17,128,64
surf01,64,64,,pock1,8,8,,rhelm,8,8,,qsnd06,32,32,,qsnd03,32,32,,napammo,16,32,,vtol05,64,64,,,,,,,,,,,,,,,,,,watr06,64,64,,tele31,128,128
surf02,64,64,,pock2,16,16,,rokt01,16,32,,qsnd07,32,32,,qsnd04,32,32,,napm01,64,16,,vtol06,128,64,,,,,,,,,,,,,,,,,,watr07,64,64,,tele33,128,64
surf03,64,64,,pock3,32,32,,rsmkring,64,64,,rail01,128,64,,qsnd05,32,32,,napm02,32,32,,vtol07,128,128,,,,,,,,,,,,,,,,,,watr08,64,64,,tele34,64,64
surf04,64,64,,powerdstb,8,8,,rthigh,16,16,,rarm,16,16,,qsnd06,32,32,,napm03,64,32,,vtol08,128,64,,,,,,,,,,,,,,,,,,watr09,64,64,,tele36,128,128
surf05,64,64,,powrdest,16,16,,rtorso,16,16,,rbicep,8,8,,qsnd07,32,32,,napm04,32,32,,vtol09,64,128,,,,,,,,,,,,,,,,,,watr10,64,64,,tele51,128,64
surf06,64,64,,ptlite01,32,32,,scout01,64,16,,rcalf,16,16,,rarm,16,16,,napm05,32,32,,vtol10,32,64,,,,,,,,,,,,,,,,,,wsmkring,128,128,,tele54,128,128
surf07,64,64,,ptur01,32,32,,scout02,64,64,,refl0000,64,64,,rbicep,8,8,,napm06,16,32,,vtol11,32,64,,,,,,,,,,,,,,,,,,wsmok1,64,64,,tfram1,64,128
surf08,64,64,,ptur02,16,32,,scout03,32,8,,refl0010,64,64,,rcalf,16,16,,nlitening,32,32,,vtol12,32,32,,,,,,,,,,,,,,,,,,wsmok2,64,64,,tg_nuk01,16,64
surf09,64,64,,ptur03,16,32,,scout04,16,16,,refl0020,64,64,,regen01,16,16,,ntur11,16,16,,vtol13,64,64,,,,,,,,,,,,,,,,,,wsmok3,64,64,,tg_nuk02,16,16
surf10,64,64,,ptur04,16,32,,scout05,32,8,,refl0030,64,64,,regen05,16,16,,nuke00,32,64,,vtol14,128,128,,,,,,,,,,,,,,,,,,,,,,tg_nuk03,8,8
surf11,64,64,,ptur05,32,16,,scout06,32,32,,refl0040,64,64,,rfpgscl,16,32,,nuke01,32,64,,vtol15,64,64,,,,,,,,,,,,,,,,,,,,,,tracer,32,32
surf12,64,64,,ptur06,32,32,,scout07,8,8,,refl0050,64,64,,rhelm,8,8,,nuke02,32,64,,wsmkring,128,128,,,,,,,,,,,,,,,,,,,,,,tracer1,32,32
surf13,64,64,,ptur07,16,16,,shatter1,16,16,,refl0060,64,64,,rokt01,16,32,,nuke03,32,64,,wsmok1,64,64,,,,,,,,,,,,,,,,,,,,,,tran01,128,128
tankback,128,64,,ptur08,16,64,,shatter2,16,16,,refl0070,64,64,,rsmkring,64,64,,nuke04,64,64,,wsmok2,64,64,,,,,,,,,,,,,,,,,,,,,,tran03,64,32
tankbotm,8,8,,ptur09,16,16,,shatter3,16,16,,refl0080,64,64,,rthigh,16,16,,nuke05,32,64,,wsmok3,64,64,,,,,,,,,,,,,,,,,,,,,,tran06,128,64
tankgn01,32,32,,ptur_d01,16,16,,sizzle,16,32,,regen01,16,16,,rtorso,16,16,,nuke06,32,64,,,,,,,,,,,,,,,,,,,,,,,,,,tran07,64,128
tankgn02,32,64,,ptur_d02,16,16,,skym3,256,128,,regen05,16,16,,scout01,64,16,,nuke07,32,64,,,,,,,,,,,,,,,,,,,,,,,,,,tran08,64,128
tankgn03,32,64,,ptur_d03,16,16,,sonicfly,32,32,,retain03,128,64,,scout02,64,64,,nuke08,32,64,,,,,,,,,,,,,,,,,,,,,,,,,,tran09,64,128
tankgn04,32,16,,qsnd01,32,32,,sulph_dirt,32,32,,rfpgscl,16,32,,scout03,32,8,,nuke09,32,64,,,,,,,,,,,,,,,,,,,,,,,,,,tran10,128,64
tankgn05,16,32,,qsnd02,32,32,,tankback,128,64,,rhelm,8,8,,scout04,16,16,,nuke10,32,64,,,,,,,,,,,,,,,,,,,,,,,,,,tran11,32,32
tanklite,32,32,,qsnd03,32,32,,tankbotm,8,8,,road1,128,64,,scout05,32,8,,nuke11,32,64,,,,,,,,,,,,,,,,,,,,,,,,,,tran12,32,32
tankside,128,32,,qsnd04,32,32,,tankgn01,32,32,,road2,128,64,,scout06,32,32,,nuke12,32,64,,,,,,,,,,,,,,,,,,,,,,,,,,trnchr2,32,32
tanktop,128,256,,qsnd05,32,32,,tankgn02,32,32,,roadtdir,128,64,,scout07,8,8,,nuke13,32,64,,,,,,,,,,,,,,,,,,,,,,,,,,tsmok1,32,32
tanktrak,32,32,,qsnd06,32,32,,tankgn03,32,32,,rokt01,16,32,,shatter1,16,16,,nuke14,32,64,,,,,,,,,,,,,,,,,,,,,,,,,,tsmok2,32,32
tanktrak1,32,32,,qsnd07,32,32,,tankgn04,32,32,,rokt02,32,64,,shatter2,16,16,,nuke15,32,64,,,,,,,,,,,,,,,,,,,,,,,,,,tsmok3,32,32
tanktrak2,32,32,,rarm,16,16,,tankgn05,32,32,,rokt03,32,64,,shatter3,16,16,,nuke16,32,64,,,,,,,,,,,,,,,,,,,,,,,,,,tstatic,128,16
tanktrak3,32,32,,rbicep,8,8,,tanklite,32,32,,rokt04,32,64,,sizzle,16,32,,nuke17,32,64,,,,,,,,,,,,,,,,,,,,,,,,,,turb01,32,32
tanktrks,128,32,,rcalf,16,16,,tankpon1,128,128,,rokt05,32,64,,snow_dirt,32,32,,nuke18,32,64,,,,,,,,,,,,,,,,,,,,,,,,,,turb02,32,32
tankwing,64,64,,regen01,16,16,,tankpon2,128,128,,rokt06,32,64,,sonic01,32,16,,nuke19,32,64,,,,,,,,,,,,,,,,,,,,,,,,,,turb03,32,32
tg_nuk01,16,64,,regen05,16,16,,tankside,64,64,,rsmkring,64,64,,sonic02,32,32,,nuke20,32,64,,,,,,,,,,,,,,,,,,,,,,,,,,turb04,32,32
tg_nuk02,16,16,,rfpgscl,16,32,,tanktop,128,256,,rthigh,16,16,,sonic03,32,64,,parachute,64,64,,,,,,,,,,,,,,,,,,,,,,,,,,turb05,32,32
tg_nuk03,8,8,,rhelm,8,8,,tanktrak,32,32,,rtorso,16,16,,sonic04,16,32,,phemgun1,32,64,,,,,,,,,,,,,,,,,,,,,,,,,,turb06,32,32
tracer,32,32,,road4,128,128,,tanktrak1,32,32,,rusty01,128,64,,sonic05,32,32,,piptil10,32,32,,,,,,,,,,,,,,,,,,,,,,,,,,turb07,32,32
tracer1,32,32,,road6,64,128,,tanktrak2,32,32,,rusty02,128,64,,sonic06,64,64,,piptil11,128,128,,,,,,,,,,,,,,,,,,,,,,,,,,turb08,32,32
trnch01,64,16,,rokt01,16,32,,tanktrak3,32,32,,rusty03,128,64,,sonic07,32,8,,piptil12,32,32,,,,,,,,,,,,,,,,,,,,,,,,,,turb09,32,32
trnch02,32,64,,rsmkring,64,64,,tanktrks,128,32,,rusty04,128,64,,sonic08,64,16,,piptil13,32,32,,,,,,,,,,,,,,,,,,,,,,,,,,turb10,32,32
trnch03,32,8,,rthigh,16,16,,tankwing,64,64,,rusty05,128,64,,sonic09,32,16,,piptile1,32,32,,,,,,,,,,,,,,,,,,,,,,,,,,vid01,64,64
trnch04,16,16,,rtorso,16,16,,tg_nuk01,16,64,,rusty06,128,64,,sonic10,32,8,,piptile5,32,32,,,,,,,,,,,,,,,,,,,,,,,,,,vid02,64,64
trnch05,32,16,,sam01,32,32,,tg_nuk02,16,16,,rusty07,128,64,,sonicfly,32,32,,piptile6,32,32,,,,,,,,,,,,,,,,,,,,,,,,,,vid03,64,64
trnch06,8,32,,sam02,32,32,,tg_nuk03,8,8,,scout01,64,16,,splashbase,32,32,,piptile7,32,32,,,,,,,,,,,,,,,,,,,,,,,,,,vid04,64,64
trnch09,32,32,,sam03,32,32,,tracer,32,32,,scout02,64,64,,splashup,32,32,,piptile8,32,32,,,,,,,,,,,,,,,,,,,,,,,,,,vid05,64,64
trnch10,32,16,,sam04,32,32,,tracer1,32,32,,scout03,32,8,,sub03,32,32,,piptile9,128,128,,,,,,,,,,,,,,,,,,,,,,,,,,vid06,64,64
trnch11,64,64,,sam05,32,32,,trnch01,64,16,,scout04,16,16,,sub04,32,32,,pock1,8,8,,,,,,,,,,,,,,,,,,,,,,,,,,vid07,64,64
trnchr2,32,32,,sam06,32,32,,trnch02,32,64,,scout05,32,8,,sub05,32,32,,pock2,16,16,,,,,,,,,,,,,,,,,,,,,,,,,,vid08,64,64
tsmok1,32,32,,sam07,32,32,,trnch03,32,8,,scout06,32,32,,sub06,32,32,,pock3,32,32,,,,,,,,,,,,,,,,,,,,,,,,,,vid09,64,64
tsmok2,32,32,,sam08,16,16,,trnch04,16,16,,scout07,8,8,,sub07,16,16,,polbeam1,16,16,,,,,,,,,,,,,,,,,,,,,,,,,,watexp01,32,32
tsmok3,32,32,,sam09,32,32,,trnch05,32,16,,shatter1,16,16,,subchp01,16,32,,poldest1,64,64,,,,,,,,,,,,,,,,,,,,,,,,,,watexp02,32,32
vid01,64,64,,sam10,16,16,,trnch06,8,32,,shatter2,16,16,,sulph_dirt,32,32,,polite1,32,32,,,,,,,,,,,,,,,,,,,,,,,,,,watexp03,32,32
vid02,64,64,,sam11,16,16,,trnch09,32,32,,shatter3,16,16,,tankback,128,64,,polite2,32,32,,,,,,,,,,,,,,,,,,,,,,,,,,watexp04,32,32
vid03,64,64,,sam12,16,16,,trnch10,32,16,,sizzle,16,32,,tankbotm,64,64,,polroad1,64,64,,,,,,,,,,,,,,,,,,,,,,,,,,watexp05,32,32
vid04,64,64,,sand4,64,64,,trnch11,64,64,,skym4,256,128,,tankgn01,32,32,,polroad3,64,64,,,,,,,,,,,,,,,,,,,,,,,,,,watexp06,32,32
vid05,64,64,,scout01,64,16,,trnchr2,32,32,,smk01,32,64,,tankgn02,32,64,,polroad4,32,32,,,,,,,,,,,,,,,,,,,,,,,,,,watexp07,32,32
vid06,64,64,,scout02,64,64,,tsmok1,32,32,,smk02,32,64,,tankgn03,32,64,,polroad5,32,32,,,,,,,,,,,,,,,,,,,,,,,,,,watexp08,32,32
vid07,64,64,,scout03,32,8,,tsmok2,32,32,,smk03,32,64,,tankgn04,64,32,,polwall1,64,64,,,,,,,,,,,,,,,,,,,,,,,,,,watexp09,32,32
vid08,64,64,,scout04,16,16,,tsmok3,32,32,,smk04,32,64,,tankgn05,32,64,,polwall2,64,64,,,,,,,,,,,,,,,,,,,,,,,,,,watexp10,32,32
vid09,64,64,,scout05,32,8,,vid01,64,64,,smk05,32,64,,tanklite,64,16,,polwall4,64,64,,,,,,,,,,,,,,,,,,,,,,,,,,watexp11,32,32
vtol01,32,64,,scout06,32,32,,vid02,64,64,,smk06,32,64,,tankpon1,256,32,,polwall6,64,64,,,,,,,,,,,,,,,,,,,,,,,,,,watrct01,64,64
vtol02,64,32,,scout07,8,8,,vid03,64,64,,snow_dirt,32,32,,tankpon2,256,32,,polwall7,64,64,,,,,,,,,,,,,,,,,,,,,,,,,,watrct02,64,64
vtol03,64,32,,shatter1,16,16,,vid04,64,64,,sonic01,32,16,,tankside,128,32,,polwall8,64,64,,,,,,,,,,,,,,,,,,,,,,,,,,watrct03,64,64
vtol04,32,32,,shatter2,16,16,,vid05,64,64,,sonic02,32,32,,tanktop,128,256,,powerdstb,8,8,,,,,,,,,,,,,,,,,,,,,,,,,,watrct04,64,64
vtol05,32,32,,shatter3,16,16,,vid06,64,64,,sonic03,32,64,,tanktrak,32,32,,powrdest,16,16,,,,,,,,,,,,,,,,,,,,,,,,,,watrct05,64,64
vtol06,64,32,,sizzle,16,32,,vid07,64,64,,sonic04,16,32,,tanktrak1,32,32,,prop01,32,32,,,,,,,,,,,,,,,,,,,,,,,,,,watrct06,64,64
vtol07,64,64,,sky2,256,128,,vid08,64,64,,sonic05,32,32,,tanktrak2,32,32,,prop02,32,32,,,,,,,,,,,,,,,,,,,,,,,,,,watrct07,64,64
vtol08,64,32,,smk01,32,64,,vid09,64,64,,sonic06,64,64,,tanktrak3,32,32,,prop03,32,32,,,,,,,,,,,,,,,,,,,,,,,,,,watrct08,64,64
vtol09,32,64,,smk02,32,64,,vtol01,32,64,,sonic07,32,8,,tanktrks,128,32,,prop04,32,32,,,,,,,,,,,,,,,,,,,,,,,,,,watrct09,64,64
vtol10,16,32,,smk03,32,64,,vtol02,64,32,,sonic08,64,16,,tankwing,64,128,,ptur_d02,16,16,,,,,,,,,,,,,,,,,,,,,,,,,,watrct10,64,64
vtol11,16,32,,smk04,32,64,,vtol03,64,32,,sonic09,32,16,,tg_nuk01,16,64,,ptur_d03,16,16,,,,,,,,,,,,,,,,,,,,,,,,,,watrcv01,64,64
vtol12,16,16,,smk05,32,64,,vtol04,32,32,,sonic10,32,8,,tg_nuk02,16,16,,qsnd01,32,32,,,,,,,,,,,,,,,,,,,,,,,,,,watrcv02,64,64
vtol13,32,32,,smk06,32,64,,vtol05,32,32,,sonicfly,32,32,,tg_nuk03,8,8,,qsnd02,32,32,,,,,,,,,,,,,,,,,,,,,,,,,,watrcv03,64,64
vtol14,64,64,,snow_dirt,32,32,,vtol06,64,32,,splashbase,32,32,,tracer,32,32,,qsnd03,32,32,,,,,,,,,,,,,,,,,,,,,,,,,,watrcv04,64,64
vtol15,32,32,,sonicfly,32,32,,vtol07,64,64,,splashup,32,32,,tracer1,32,32,,qsnd04,32,32,,,,,,,,,,,,,,,,,,,,,,,,,,watrcv05,64,64
wsmkring,64,64,,splashbase,32,32,,vtol08,64,32,,streets1,64,64,,trnch01,64,16,,qsnd05,32,32,,,,,,,,,,,,,,,,,,,,,,,,,,watrcv06,64,64
wsmok1,32,32,,splashup,32,32,,vtol09,32,64,,subchp01,16,32,,trnch02,32,64,,qsnd06,32,32,,,,,,,,,,,,,,,,,,,,,,,,,,watrcv07,64,64
wsmok2,32,32,,sulph_dirt,32,32,,vtol10,16,32,,sulph_dirt,32,32,,trnch03,32,8,,qsnd07,32,32,,,,,,,,,,,,,,,,,,,,,,,,,,watrcv08,64,64
wsmok3,32,32,,tankback,128,64,,vtol11,16,32,,tankback,128,64,,trnch04,16,16,,rarm,16,16,,,,,,,,,,,,,,,,,,,,,,,,,,watrcv09,64,64
,,,,tankbotm,8,8,,vtol12,16,16,,tankbotm,64,64,,trnch05,32,16,,rbicep,8,8,,,,,,,,,,,,,,,,,,,,,,,,,,watrcv10,64,64
,,,,tankgn01,32,32,,vtol13,32,32,,tankgn01,32,32,,trnch06,8,32,,rcalf,16,16,,,,,,,,,,,,,,,,,,,,,,,,,,watrp01,64,64
,,,,tankgn02,32,32,,vtol14,64,64,,tankgn02,32,32,,trnch09,32,32,,regen01,16,16,,,,,,,,,,,,,,,,,,,,,,,,,,watrp02,64,64
,,,,tankgn03,32,32,,vtol15,32,32,,tankgn03,32,32,,trnch10,32,16,,regen05,16,16,,,,,,,,,,,,,,,,,,,,,,,,,,watrp03,64,64
,,,,tankgn04,32,32,,wsmkring,64,64,,tankgn04,32,32,,trnch11,64,64,,rfpgscl,16,32,,,,,,,,,,,,,,,,,,,,,,,,,,watrp04,64,64
,,,,tankgn05,32,32,,wsmok1,32,32,,tankgn05,32,32,,trnchr2,32,32,,rhelm,8,8,,,,,,,,,,,,,,,,,,,,,,,,,,watrp05,64,64
,,,,tanklite,32,32,,wsmok2,32,32,,tanklite,32,32,,tsmok1,32,32,,rokt01,16,32,,,,,,,,,,,,,,,,,,,,,,,,,,watrp06,64,64
,,,,tankpon1,256,32,,wsmok3,32,32,,tankpon1,256,32,,tsmok2,32,32,,rsmkring,64,64,,,,,,,,,,,,,,,,,,,,,,,,,,watrp07,64,64
,,,,tankpon2,256,32,,,,,,tankpon2,256,32,,tsmok3,32,32,,rthigh,16,16,,,,,,,,,,,,,,,,,,,,,,,,,,watrp08,64,64
,,,,tankside,64,64,,,,,,tankside,64,64,,turb01,32,32,,rtorso,16,16,,,,,,,,,,,,,,,,,,,,,,,,,,watrp09,64,64
,,,,tanktop,128,256,,,,,,tanktop,128,256,,turb02,32,32,,scout01,64,16,,,,,,,,,,,,,,,,,,,,,,,,,,watrp10,64,64
,,,,tanktrak,32,32,,,,,,tanktrak,32,32,,turb03,32,32,,scout02,64,64,,,,,,,,,,,,,,,,,,,,,,,,,,wsmkring,64,64
,,,,tanktrak1,32,32,,,,,,tanktrak1,32,32,,turb04,32,32,,scout03,32,8,,,,,,,,,,,,,,,,,,,,,,,,,,wsmok1,32,32
,,,,tanktrak2,32,32,,,,,,tanktrak2,32,32,,turb05,32,32,,scout04,16,16,,,,,,,,,,,,,,,,,,,,,,,,,,wsmok2,32,32
,,,,tanktrak3,32,32,,,,,,tanktrak3,32,32,,turb06,32,32,,scout05,32,8,,,,,,,,,,,,,,,,,,,,,,,,,,wsmok3,32,32
,,,,tanktrks,128,32,,,,,,tanktrks,128,32,,turb07,32,32,,scout06,32,32,,,,,,,,,,,,,,,,,,,,,,,,,,,,
,,,,tankwing,64,64,,,,,,tankwing,64,64,,turb08,32,32,,scout07,8,8,,,,,,,,,,,,,,,,,,,,,,,,,,,,
,,,,tg_nuk01,16,64,,,,,,tg_nuk01,16,64,,turb09,32,32,,shatter1,16,16,,,,,,,,,,,,,,,,,,,,,,,,,,,,
,,,,tg_nuk02,16,16,,,,,,tg_nuk02,16,16,,turb10,32,32,,shatter2,16,16,,,,,,,,,,,,,,,,,,,,,,,,,,,,
,,,,tg_nuk03,8,8,,,,,,tg_nuk03,8,8,,vid01,64,64,,shatter3,16,16,,,,,,,,,,,,,,,,,,,,,,,,,,,,
,,,,tracer,32,32,,,,,,tracer,32,32,,vid02,64,64,,sizzle,16,32,,,,,,,,,,,,,,,,,,,,,,,,,,,,
,,,,tracer1,32,32,,,,,,tracer1,32,32,,vid03,64,64,,skym6,128,128,,,,,,,,,,,,,,,,,,,,,,,,,,,,
,,,,trnch01,64,16,,,,,,trnch01,64,16,,vid04,64,64,,snow_dirt,32,32,,,,,,,,,,,,,,,,,,,,,,,,,,,,
,,,,trnch02,32,64,,,,,,trnch02,32,64,,vid05,64,64,,sonic01,32,16,,,,,,,,,,,,,,,,,,,,,,,,,,,,
,,,,trnch03,32,8,,,,,,trnch03,32,8,,vid06,64,64,,sonic02,32,32,,,,,,,,,,,,,,,,,,,,,,,,,,,,
,,,,trnch04,16,16,,,,,,trnch04,16,16,,vid07,64,64,,sonic03,32,64,,,,,,,,,,,,,,,,,,,,,,,,,,,,
,,,,trnch05,32,16,,,,,,trnch05,32,16,,vid08,64,64,,sonic04,16,32,,,,,,,,,,,,,,,,,,,,,,,,,,,,
,,,,trnch06,8,32,,,,,,trnch06,8,32,,vid09,64,64,,sonic05,32,32,,,,,,,,,,,,,,,,,,,,,,,,,,,,
,,,,trnch09,32,32,,,,,,trnch09,32,32,,vtol01,32,64,,sonic06,64,64,,,,,,,,,,,,,,,,,,,,,,,,,,,,
,,,,trnch10,32,16,,,,,,trnch10,32,16,,vtol02,64,32,,sonic07,32,8,,,,,,,,,,,,,,,,,,,,,,,,,,,,
,,,,trnch11,64,64,,,,,,trnch11,64,64,,vtol03,64,32,,sonic08,64,16,,,,,,,,,,,,,,,,,,,,,,,,,,,,
,,,,trnchr2,32,32,,,,,,trnchr2,32,32,,vtol04,32,32,,sonic09,32,16,,,,,,,,,,,,,,,,,,,,,,,,,,,,
,,,,tsmok1,32,32,,,,,,tryard1,128,128,,vtol05,32,32,,sonic10,32,8,,,,,,,,,,,,,,,,,,,,,,,,,,,,
,,,,tsmok2,32,32,,,,,,tryard3,32,32,,vtol06,64,32,,sonicfly,32,32,,,,,,,,,,,,,,,,,,,,,,,,,,,,
,,,,tsmok3,32,32,,,,,,tsmok1,32,32,,vtol07,64,64,,splashbase,32,32,,,,,,,,,,,,,,,,,,,,,,,,,,,,
,,,,turb01,32,32,,,,,,tsmok2,32,32,,vtol08,64,32,,splashup,32,32,,,,,,,,,,,,,,,,,,,,,,,,,,,,
,,,,turb02,32,32,,,,,,tsmok3,32,32,,vtol09,32,64,,sub03,32,32,,,,,,,,,,,,,,,,,,,,,,,,,,,,
,,,,turb03,32,32,,,,,,turb01,32,32,,vtol10,16,32,,sub04,32,32,,,,,,,,,,,,,,,,,,,,,,,,,,,,
,,,,turb04,32,32,,,,,,turb02,32,32,,vtol11,16,32,,sub05,32,32,,,,,,,,,,,,,,,,,,,,,,,,,,,,
,,,,turb05,32,32,,,,,,turb03,32,32,,vtol12,16,16,,sub06,32,32,,,,,,,,,,,,,,,,,,,,,,,,,,,,
,,,,turb06,32,32,,,,,,turb04,32,32,,vtol13,32,32,,sub07,16,16,,,,,,,,,,,,,,,,,,,,,,,,,,,,
,,,,turb07,32,32,,,,,,turb05,32,32,,vtol14,64,64,,sulph_dirt,32,32,,,,,,,,,,,,,,,,,,,,,,,,,,,,
,,,,turb08,32,32,,,,,,turb06,32,32,,vtol15,32,32,,tankback,128,64,,,,,,,,,,,,,,,,,,,,,,,,,,,,
,,,,turb09,32,32,,,,,,turb07,32,32,,watexp01,32,32,,tankbotm,64,64,,,,,,,,,,,,,,,,,,,,,,,,,,,,
,,,,turb10,32,32,,,,,,turb08,32,32,,watexp02,32,32,,tankgn01,32,32,,,,,,,,,,,,,,,,,,,,,,,,,,,,
,,,,vid01,64,64,,,,,,turb09,32,32,,watexp03,32,32,,tankgn02,32,32,,,,,,,,,,,,,,,,,,,,,,,,,,,,
,,,,vid02,64,64,,,,,,turb10,32,32,,watexp04,32,32,,tankgn03,32,32,,,,,,,,,,,,,,,,,,,,,,,,,,,,
,,,,vid03,64,64,,,,,,vid01,64,64,,watexp05,32,32,,tankgn04,32,32,,,,,,,,,,,,,,,,,,,,,,,,,,,,
,,,,vid04,64,64,,,,,,vid02,64,64,,watexp06,32,32,,tankgn05,32,32,,,,,,,,,,,,,,,,,,,,,,,,,,,,
,,,,vid05,64,64,,,,,,vid03,64,64,,watexp07,32,32,,tanklite,32,32,,,,,,,,,,,,,,,,,,,,,,,,,,,,
,,,,vid06,64,64,,,,,,vid04,64,64,,watexp08,32,32,,tankpon1,256,32,,,,,,,,,,,,,,,,,,,,,,,,,,,,
,,,,vid07,64,64,,,,,,vid05,64,64,,watexp09,32,32,,tankpon2,256,32,,,,,,,,,,,,,,,,,,,,,,,,,,,,
,,,,vid08,64,64,,,,,,vid06,64,64,,watexp10,32,32,,tankside,64,64,,,,,,,,,,,,,,,,,,,,,,,,,,,,
,,,,vid09,64,64,,,,,,vid07,64,64,,watexp11,32,32,,tanktop,128,256,,,,,,,,,,,,,,,,,,,,,,,,,,,,
,,,,vtol01,32,64,,,,,,vid08,64,64,,wsmkring,64,64,,tanktrak,32,32,,,,,,,,,,,,,,,,,,,,,,,,,,,,
,,,,vtol02,64,32,,,,,,vid09,64,64,,wsmok1,32,32,,tanktrak1,32,32,,,,,,,,,,,,,,,,,,,,,,,,,,,,
,,,,vtol03,64,32,,,,,,vtol01,32,64,,wsmok2,32,32,,tanktrak2,32,32,,,,,,,,,,,,,,,,,,,,,,,,,,,,
,,,,vtol04,32,32,,,,,,vtol02,64,32,,wsmok3,32,32,,tanktrak3,32,32,,,,,,,,,,,,,,,,,,,,,,,,,,,,
,,,,vtol05,32,32,,,,,,vtol03,64,32,,,,,,tanktrks,128,32,,,,,,,,,,,,,,,,,,,,,,,,,,,,
,,,,vtol06,64,32,,,,,,vtol04,32,32,,,,,,tankwing,64,64,,,,,,,,,,,,,,,,,,,,,,,,,,,,
,,,,vtol07,64,64,,,,,,vtol05,32,32,,,,,,tele17,64,64,,,,,,,,,,,,,,,,,,,,,,,,,,,,
,,,,vtol08,64,32,,,,,,vtol06,64,32,,,,,,tele31,64,64,,,,,,,,,,,,,,,,,,,,,,,,,,,,
,,,,vtol09,32,64,,,,,,vtol07,64,64,,,,,,tele33,64,64,,,,,,,,,,,,,,,,,,,,,,,,,,,,
,,,,vtol10,16,32,,,,,,vtol08,64,32,,,,,,tele34,32,32,,,,,,,,,,,,,,,,,,,,,,,,,,,,
,,,,vtol11,16,32,,,,,,vtol09,32,64,,,,,,tele36,64,64,,,,,,,,,,,,,,,,,,,,,,,,,,,,
,,,,vtol12,16,16,,,,,,vtol10,16,32,,,,,,tele51,64,64,,,,,,,,,,,,,,,,,,,,,,,,,,,,
,,,,vtol13,32,32,,,,,,vtol11,16,32,,,,,,tele54,64,64,,,,,,,,,,,,,,,,,,,,,,,,,,,,
,,,,vtol14,64,64,,,,,,vtol12,16,16,,,,,,tfram1,128,128,,,,,,,,,,,,,,,,,,,,,,,,,,,,
,,,,vtol15,32,32,,,,,,vtol13,32,32,,,,,,tg_nuk01,16,64,,,,,,,,,,,,,,,,,,,,,,,,,,,,
,,,,wsmkring,64,64,,,,,,vtol14,64,64,,,,,,tg_nuk02,16,16,,,,,,,,,,,,,,,,,,,,,,,,,,,,
,,,,wsmok1,32,32,,,,,,vtol15,32,32,,,,,,tg_nuk03,8,8,,,,,,,,,,,,,,,,,,,,,,,,,,,,
,,,,wsmok2,32,32,,,,,,ware02,64,128,,,,,,tracer,32,32,,,,,,,,,,,,,,,,,,,,,,,,,,,,
,,,,wsmok3,32,32,,,,,,ware04,64,64,,,,,,tracer1,32,32,,,,,,,,,,,,,,,,,,,,,,,,,,,,
,,,,,,,,,,,,watexp01,32,32,,,,,,tran01,64,64,,,,,,,,,,,,,,,,,,,,,,,,,,,,
,,,,,,,,,,,,watexp02,32,32,,,,,,tran03,32,32,,,,,,,,,,,,,,,,,,,,,,,,,,,,
,,,,,,,,,,,,watexp03,32,32,,,,,,tran06,64,64,,,,,,,,,,,,,,,,,,,,,,,,,,,,
,,,,,,,,,,,,watexp04,32,32,,,,,,tran07,64,64,,,,,,,,,,,,,,,,,,,,,,,,,,,,
,,,,,,,,,,,,watexp05,32,32,,,,,,tran08,64,64,,,,,,,,,,,,,,,,,,,,,,,,,,,,
,,,,,,,,,,,,watexp06,32,32,,,,,,tran09,64,64,,,,,,,,,,,,,,,,,,,,,,,,,,,,
,,,,,,,,,,,,watexp07,32,32,,,,,,tran10,64,64,,,,,,,,,,,,,,,,,,,,,,,,,,,,
,,,,,,,,,,,,watexp08,32,32,,,,,,tran11,16,16,,,,,,,,,,,,,,,,,,,,,,,,,,,,
,,,,,,,,,,,,watexp09,32,32,,,,,,tran12,16,16,,,,,,,,,,,,,,,,,,,,,,,,,,,,
,,,,,,,,,,,,watexp10,32,32,,,,,,trnch01,64,16,,,,,,,,,,,,,,,,,,,,,,,,,,,,
,,,,,,,,,,,,watexp11,32,32,,,,,,trnch02,32,64,,,,,,,,,,,,,,,,,,,,,,,,,,,,
,,,,,,,,,,,,watr01,64,64,,,,,,trnch03,32,8,,,,,,,,,,,,,,,,,,,,,,,,,,,,
,,,,,,,,,,,,watr02,64,64,,,,,,trnch04,16,16,,,,,,,,,,,,,,,,,,,,,,,,,,,,
,,,,,,,,,,,,watr03,64,64,,,,,,trnch05,32,16,,,,,,,,,,,,,,,,,,,,,,,,,,,,
,,,,,,,,,,,,watr04,64,64,,,,,,trnch06,8,32,,,,,,,,,,,,,,,,,,,,,,,,,,,,
,,,,,,,,,,,,watr05,64,64,,,,,,trnch09,32,32,,,,,,,,,,,,,,,,,,,,,,,,,,,,
,,,,,,,,,,,,watr06,64,64,,,,,,trnch10,32,16,,,,,,,,,,,,,,,,,,,,,,,,,,,,
,,,,,,,,,,,,watr07,64,64,,,,,,trnch11,64,64,,,,,,,,,,,,,,,,,,,,,,,,,,,,
,,,,,,,,,,,,watr08,64,64,,,,,,trnchr2,32,32,,,,,,,,,,,,,,,,,,,,,,,,,,,,
,,,,,,,,,,,,watr09,64,64,,,,,,tsmok1,32,32,,,,,,,,,,,,,,,,,,,,,,,,,,,,
,,,,,,,,,,,,watr10,64,64,,,,,,tsmok2,32,32,,,,,,,,,,,,,,,,,,,,,,,,,,,,
,,,,,,,,,,,,wsmkring,64,64,,,,,,tsmok3,32,32,,,,,,,,,,,,,,,,,,,,,,,,,,,,
,,,,,,,,,,,,wsmok1,32,32,,,,,,tstatic,64,64,,,,,,,,,,,,,,,,,,,,,,,,,,,,
,,,,,,,,,,,,wsmok2,32,32,,,,,,turb01,32,32,,,,,,,,,,,,,,,,,,,,,,,,,,,,
,,,,,,,,,,,,wsmok3,32,32,,,,,,turb02,32,32,,,,,,,,,,,,,,,,,,,,,,,,,,,,
,,,,,,,,,,,,,,,,,,,,turb03,32,32,,,,,,,,,,,,,,,,,,,,,,,,,,,,
,,,,,,,,,,,,,,,,,,,,turb04,32,32,,,,,,,,,,,,,,,,,,,,,,,,,,,,
,,,,,,,,,,,,,,,,,,,,turb05,32,32,,,,,,,,,,,,,,,,,,,,,,,,,,,,
,,,,,,,,,,,,,,,,,,,,turb06,32,32,,,,,,,,,,,,,,,,,,,,,,,,,,,,
,,,,,,,,,,,,,,,,,,,,turb07,32,32,,,,,,,,,,,,,,,,,,,,,,,,,,,,
,,,,,,,,,,,,,,,,,,,,turb08,32,32,,,,,,,,,,,,,,,,,,,,,,,,,,,,
,,,,,,,,,,,,,,,,,,,,turb09,32,32,,,,,,,,,,,,,,,,,,,,,,,,,,,,
,,,,,,,,,,,,,,,,,,,,turb10,32,32,,,,,,,,,,,,,,,,,,,,,,,,,,,,
,,,,,,,,,,,,,,,,,,,,vid01,64,64,,,,,,,,,,,,,,,,,,,,,,,,,,,,
,,,,,,,,,,,,,,,,,,,,vid02,64,64,,,,,,,,,,,,,,,,,,,,,,,,,,,,
,,,,,,,,,,,,,,,,,,,,vid03,64,64,,,,,,,,,,,,,,,,,,,,,,,,,,,,
,,,,,,,,,,,,,,,,,,,,vid04,64,64,,,,,,,,,,,,,,,,,,,,,,,,,,,,
,,,,,,,,,,,,,,,,,,,,vid05,64,64,,,,,,,,,,,,,,,,,,,,,,,,,,,,
,,,,,,,,,,,,,,,,,,,,vid06,64,64,,,,,,,,,,,,,,,,,,,,,,,,,,,,
,,,,,,,,,,,,,,,,,,,,vid07,64,64,,,,,,,,,,,,,,,,,,,,,,,,,,,,
,,,,,,,,,,,,,,,,,,,,vid08,64,64,,,,,,,,,,,,,,,,,,,,,,,,,,,,
,,,,,,,,,,,,,,,,,,,,vid09,64,64,,,,,,,,,,,,,,,,,,,,,,,,,,,,
,,,,,,,,,,,,,,,,,,,,vtol01,32,64,,,,,,,,,,,,,,,,,,,,,,,,,,,,
,,,,,,,,,,,,,,,,,,,,vtol02,64,32,,,,,,,,,,,,,,,,,,,,,,,,,,,,
,,,,,,,,,,,,,,,,,,,,vtol03,64,32,,,,,,,,,,,,,,,,,,,,,,,,,,,,
,,,,,,,,,,,,,,,,,,,,vtol04,32,32,,,,,,,,,,,,,,,,,,,,,,,,,,,,
,,,,,,,,,,,,,,,,,,,,vtol05,32,32,,,,,,,,,,,,,,,,,,,,,,,,,,,,
,,,,,,,,,,,,,,,,,,,,vtol06,64,32,,,,,,,,,,,,,,,,,,,,,,,,,,,,
,,,,,,,,,,,,,,,,,,,,vtol07,64,64,,,,,,,,,,,,,,,,,,,,,,,,,,,,
,,,,,,,,,,,,,,,,,,,,vtol08,64,32,,,,,,,,,,,,,,,,,,,,,,,,,,,,
,,,,,,,,,,,,,,,,,,,,vtol09,32,64,,,,,,,,,,,,,,,,,,,,,,,,,,,,
,,,,,,,,,,,,,,,,,,,,vtol10,16,32,,,,,,,,,,,,,,,,,,,,,,,,,,,,
,,,,,,,,,,,,,,,,,,,,vtol11,16,32,,,,,,,,,,,,,,,,,,,,,,,,,,,,
,,,,,,,,,,,,,,,,,,,,vtol12,16,16,,,,,,,,,,,,,,,,,,,,,,,,,,,,
,,,,,,,,,,,,,,,,,,,,vtol13,32,32,,,,,,,,,,,,,,,,,,,,,,,,,,,,
,,,,,,,,,,,,,,,,,,,,vtol14,64,64,,,,,,,,,,,,,,,,,,,,,,,,,,,,
,,,,,,,,,,,,,,,,,,,,vtol15,32,32,,,,,,,,,,,,,,,,,,,,,,,,,,,,
,,,,,,,,,,,,,,,,,,,,watexp01,32,32,,,,,,,,,,,,,,,,,,,,,,,,,,,,
,,,,,,,,,,,,,,,,,,,,watexp02,32,32,,,,,,,,,,,,,,,,,,,,,,,,,,,,
,,,,,,,,,,,,,,,,,,,,watexp03,32,32,,,,,,,,,,,,,,,,,,,,,,,,,,,,
,,,,,,,,,,,,,,,,,,,,watexp04,32,32,,,,,,,,,,,,,,,,,,,,,,,,,,,,
,,,,,,,,,,,,,,,,,,,,watexp05,32,32,,,,,,,,,,,,,,,,,,,,,,,,,,,,
,,,,,,,,,,,,,,,,,,,,watexp06,32,32,,,,,,,,,,,,,,,,,,,,,,,,,,,,
,,,,,,,,,,,,,,,,,,,,watexp07,32,32,,,,,,,,,,,,,,,,,,,,,,,,,,,,
,,,,,,,,,,,,,,,,,,,,watexp08,32,32,,,,,,,,,,,,,,,,,,,,,,,,,,,,
,,,,,,,,,,,,,,,,,,,,watexp09,32,32,,,,,,,,,,,,,,,,,,,,,,,,,,,,
,,,,,,,,,,,,,,,,,,,,watexp10,32,32,,,,,,,,,,,,,,,,,,,,,,,,,,,,
,,,,,,,,,,,,,,,,,,,,watexp11,32,32,,,,,,,,,,,,,,,,,,,,,,,,,,,,
,,,,,,,,,,,,,,,,,,,,watrct01,32,32,,,,,,,,,,,,,,,,,,,,,,,,,,,,
,,,,,,,,,,,,,,,,,,,,watrct02,32,32,,,,,,,,,,,,,,,,,,,,,,,,,,,,
,,,,,,,,,,,,,,,,,,,,watrct03,32,32,,,,,,,,,,,,,,,,,,,,,,,,,,,,
,,,,,,,,,,,,,,,,,,,,watrct04,32,32,,,,,,,,,,,,,,,,,,,,,,,,,,,,
,,,,,,,,,,,,,,,,,,,,watrct05,32,32,,,,,,,,,,,,,,,,,,,,,,,,,,,,
,,,,,,,,,,,,,,,,,,,,watrct06,32,32,,,,,,,,,,,,,,,,,,,,,,,,,,,,
,,,,,,,,,,,,,,,,,,,,watrct07,32,32,,,,,,,,,,,,,,,,,,,,,,,,,,,,
,,,,,,,,,,,,,,,,,,,,watrct08,32,32,,,,,,,,,,,,,,,,,,,,,,,,,,,,
,,,,,,,,,,,,,,,,,,,,watrct09,32,32,,,,,,,,,,,,,,,,,,,,,,,,,,,,
,,,,,,,,,,,,,,,,,,,,watrct10,32,32,,,,,,,,,,,,,,,,,,,,,,,,,,,,
,,,,,,,,,,,,,,,,,,,,watrcv01,32,32,,,,,,,,,,,,,,,,,,,,,,,,,,,,
,,,,,,,,,,,,,,,,,,,,watrcv02,32,32,,,,,,,,,,,,,,,,,,,,,,,,,,,,
,,,,,,,,,,,,,,,,,,,,watrcv03,32,32,,,,,,,,,,,,,,,,,,,,,,,,,,,,
,,,,,,,,,,,,,,,,,,,,watrcv04,32,32,,,,,,,,,,,,,,,,,,,,,,,,,,,,
,,,,,,,,,,,,,,,,,,,,watrcv05,32,32,,,,,,,,,,,,,,,,,,,,,,,,,,,,
,,,,,,,,,,,,,,,,,,,,watrcv06,32,32,,,,,,,,,,,,,,,,,,,,,,,,,,,,
,,,,,,,,,,,,,,,,,,,,watrcv07,32,32,,,,,,,,,,,,,,,,,,,,,,,,,,,,
,,,,,,,,,,,,,,,,,,,,watrcv08,32,32,,,,,,,,,,,,,,,,,,,,,,,,,,,,
,,,,,,,,,,,,,,,,,,,,watrcv09,32,32,,,,,,,,,,,,,,,,,,,,,,,,,,,,
,,,,,,,,,,,,,,,,,,,,watrcv10,32,32,,,,,,,,,,,,,,,,,,,,,,,,,,,,
,,,,,,,,,,,,,,,,,,,,watrp01,32,32,,,,,,,,,,,,,,,,,,,,,,,,,,,,
,,,,,,,,,,,,,,,,,,,,watrp02,32,32,,,,,,,,,,,,,,,,,,,,,,,,,,,,
,,,,,,,,,,,,,,,,,,,,watrp03,32,32,,,,,,,,,,,,,,,,,,,,,,,,,,,,
,,,,,,,,,,,,,,,,,,,,watrp04,32,32,,,,,,,,,,,,,,,,,,,,,,,,,,,,
,,,,,,,,,,,,,,,,,,,,watrp05,32,32,,,,,,,,,,,,,,,,,,,,,,,,,,,,
,,,,,,,,,,,,,,,,,,,,watrp06,32,32,,,,,,,,,,,,,,,,,,,,,,,,,,,,
,,,,,,,,,,,,,,,,,,,,watrp07,32,32,,,,,,,,,,,,,,,,,,,,,,,,,,,,
,,,,,,,,,,,,,,,,,,,,watrp08,32,32,,,,,,,,,,,,,,,,,,,,,,,,,,,,
,,,,,,,,,,,,,,,,,,,,watrp09,32,32,,,,,,,,,,,,,,,,,,,,,,,,,,,,
,,,,,,,,,,,,,,,,,,,,watrp10,32,32,,,,,,,,,,,,,,,,,,,,,,,,,,,,
,,,,,,,,,,,,,,,,,,,,wsmkring,64,64,,,,,,,,,,,,,,,,,,,,,,,,,,,,
,,,,,,,,,,,,,,,,,,,,wsmok1,32,32,,,,,,,,,,,,,,,,,,,,,,,,,,,,
,,,,,,,,,,,,,,,,,,,,wsmok2,32,32,,,,,,,,,,,,,,,,,,,,,,,,,,,,
,,,,,,,,,,,,,,,,,,,,wsmok3,32,32,,,,,,,,,,,,,,,,,,,,,,,,,,,,
,,,,,,,,,,,,,,,,,,,,,,,,,,,,,,,,,,,,,,,,,,,,,,,,,,
,,,,,,,,,,,,,,,,,,,,,,,,,,,,,,,,,,,,,,,,,,,,,,,,,,
,,,,,,,,,,,,,,,,,,,,,,,,,,,,,,,,,,,,,,,,,,,,,,,,,,
,,,,,,,,,,,,,,,,,,,,,,,,,,,,,,,,,,,,,,,,,,,,,,,,,,
,,,,,,,,,,,,,,,,,,,,,,,,,,,,,,,,,,,,,,,,,,,,,,,,,,
,,,,,,,,,,,,,,,,,,,,,,,,,,,,,,,,,,,,,,,,,,,,,,,,,,
,,,,,,,,,,,,,,,,,,,,,,,,,,,,,,,,,,,,,,,,,,,,,,,,,,
,,,,,,,,,,,,,,,,,,,,,,,,,,,,,,,,,,,,,,,,,,,,,,,,,,
,,,,,,,,,,,,,,,,,,,,,,,,,,,,,,,,,,,,,,,,,,,,,,,,,,
,,,,,,,,,,,,,,,,,,,,,,,,,,,,,,,,,,,,,,,,,,,,,,,,,,
,,,,,,,,,,,,,,,,,,,,,,,,,,,,,,,,,,,,,,,,,,,,,,,,,,